# ----------------------------------------,,,,,,,,,,
# Report CSV Export,,,,,,,,,,
# Account: mybroadline.com,,,,,Entrances,,,,,
# Property: www.mybrodline.com - GA4,,,,,4641,,,,,
# ----------------------------------------,,,,,,,,,,
# ,,,,,,,,,,
# Session medium exactly matches organic,,,,,,,,,,
# Start date: 20230524,,,,,,,,,,
# End date: 20231122,,,,,,,,,,
Session medium,Landing page + query string,Sessions,Engaged sessions,Average engagement time per session,Engaged sessions per user,Events per session,Engagement rate,Event count,Conversions,Total revenue
organic,/,1136,730,17.10123239,0.895705521,6.862676056,0.642605634,7796,0,0
organic,/everything-you-need-to-know-about-the-lutron-and-sonos-integration/,104,10,0,0.102040816,3.038461538,0.096153846,316,0,0
organic,/product/recessed-media-box-ii-20-amp-model-w-steel-outlet-box/,75,5,0.066666667,0.068493151,3.253333333,0.066666667,244,0,0
organic,/product/stealth-acoustics-lrx83/,75,18,1.906666667,0.264705882,3.706666667,0.24,278,0,0
organic,/brand/dynamic-mounting/,54,17,0,0.34,3.592592593,0.314814815,194,0,0
organic,/product/lutron-ra2-visor-control-receiver-white/,50,2,0,0.040816327,3.24,0.04,162,0,0
organic,/product/lutron-ra2-large-15-button-tabletop-keypad/,50,4,0,0.085106383,3.04,0.08,152,0,0
organic,/product/lutron-ra2-powpak-0-10v-434-residential-system/,46,4,0.02173913,0.1,3.043478261,0.086956522,140,0,0
organic,/product/dynabox/,34,6,4.764705882,0.181818182,4.470588235,0.176470588,152,0,0
organic,/contact/,47,8,0.021276596,0.258064516,2.936170213,0.170212766,138,0,0
organic,/product/adc-v723/,31,2,0,0.066666667,3.032258065,0.064516129,94,0,0
organic,/product/hdmi-edid-blocker-tool/,30,4,0,0.133333333,3.2,0.133333333,96,0,0
organic,/product/studio65-sb/,31,7,0.290322581,0.259259259,3.451612903,0.225806452,107,0,0
organic,/product/lutron-hvac-controller-and-temperature-sensor-package/,26,2,0,0.076923077,3.230769231,0.076923077,84,0,0
organic,/shop-by-brand/,37,25,70.27027027,1.041666667,8.351351351,0.675675676,309,0,0
organic,/product/sonarray-sr1-sr2125-outdoor-speaker-system-w-sr2-125-dsp-amplifier/,24,2,0,0.086956522,3,0.083333333,72,0,0
organic,/product/adc-svr122-500gb/,22,2,0,0.090909091,3.090909091,0.090909091,68,0,0
organic,/product/enp3050-na-structured-panel-door/,23,5,2.52173913,0.227272727,3.869565217,0.217391304,89,0,0
organic,/product/rrst-w4b-wh-radiora3-sunnata-4-button-keypad-white/,23,4,1.130434783,0.181818182,3.260869565,0.173913043,75,0,0
organic,/product/studio55-sb/,25,4,0,0.181818182,3.04,0.16,76,0,0
organic,/top-5-av-podcast-you-should-listen-to-on-the-way-to-your-next-job/,23,2,0,0.090909091,3.043478261,0.086956522,70,0,0
organic,/product/axium-ax-1250/,23,3,0,0.15,3.043478261,0.130434783,70,0,0
organic,/product/s-lcrdm-mk2/,21,4,0,0.2,3.238095238,0.19047619,68,0,0
organic,/brand/ubiquiti/,20,13,3.05,0.684210526,4.8,0.65,96,0,0
organic,/product/pro24-r-plus/,23,7,0,0.368421053,3.260869565,0.304347826,75,0,0
organic,/product/lutron-ra2-large-10-button-tabletop-keypad/,19,2,0,0.111111111,3.157894737,0.105263158,60,0,0
organic,/product/pcbc-8-vanguard-pre-construction-brackets-for-8-in-ceiling-speakers-5-pack/,21,6,2.333333333,0.333333333,4.761904762,0.285714286,100,0,0
organic,/product/adc-vc836/,17,1,0,0.058823529,3.117647059,0.058823529,53,0,0
organic,/product/archt-8/,21,6,0,0.352941176,3.428571429,0.285714286,72,0,0
organic,/product/lutron-hvac-temperature-control-package-with-fahrenheit-seetemp-white/,17,6,0,0.352941176,3.588235294,0.352941176,61,0,0
organic,/product/r-200t-500-box-2-riser-conduit/,17,4,0.235294118,0.235294118,3.294117647,0.235294118,56,0,0
organic,/product/voice-dock-in-wall-flush-mount-bracket-for-amazon-echo-dot-2nd-gen/,19,2,0,0.117647059,3,0.105263158,57,0,0
organic,/brand/roku/,17,8,1.705882353,0.5,6.176470588,0.470588235,105,0,0
organic,/product/nano-bp-p5/,18,4,0,0.25,3.111111111,0.222222222,56,0,0
organic,/product/adc-csvr126-16ch-1x2tb/,16,0,0,0,3,0,48,0,0
organic,/product/studio46-sb/,15,0,0,0,3,0,45,0,0
organic,/about/,14,10,4.571428571,0.714285714,6,0.714285714,84,0,0
organic,/product/single-gang-box-nail-up-low-voltage-outlet-new-construction-carlon/,14,2,3.428571429,0.142857143,4.142857143,0.142857143,58,0,0
organic,/product/studio39-sb/,16,0,0.125,0,2.9375,0,47,0,0
organic,/product/600-watt-networkable-multi-channel-power-amplifier-with-optional-dante-network-audio/,15,2,0,0.153846154,3.266666667,0.133333333,49,0,0
organic,/product/adc-v523/,16,3,0,0.230769231,3.125,0.1875,50,0,0
organic,/product/adc-v622-well/,13,1,0,0.076923077,3.076923077,0.076923077,40,0,0
organic,/product/bav2500-1000w-2-channel-amplifier/,14,1,0,0.076923077,3,0.071428571,42,0,0
organic,/product/mezz-8-surr/,14,4,0,0.307692308,3.428571429,0.285714286,48,0,0
organic,/product/rcc320-mk2-pc/,15,1,0,0.076923077,3,0.066666667,45,0,0
organic,/brilliant-and-google-nest-can-now-be-integrated/,12,0,0,0,3,0,36,0,0
organic,/product/9625-dirt-devil-db7000-disposable-power-unit-up-to-7000-sq-ft/,13,3,0,0.25,3.153846154,0.230769231,41,0,0
organic,/product/cs-100/,13,3,0.076923077,0.25,3.384615385,0.230769231,44,0,0
organic,/product/pro-cinema-projector-with-4k-dci-p3-hld-led-video-enhancer-ht9050/,12,0,0,0,3,0,36,0,0
organic,/product/rcc1000-sa/,12,2,2.833333333,0.166666667,3.833333333,0.166666667,46,0,0
organic,/product-category/soundbars-speakers-systems/dsw-pro-subwoofers-grilles/,11,8,0.090909091,0.727272727,5.090909091,0.727272727,56,0,0
organic,/product/ethereal-hdmi-5v-injector/,13,3,0,0.272727273,3.153846154,0.230769231,41,0,0
organic,/product/heos-drivea/,13,1,0,0.090909091,2.923076923,0.076923077,38,0,0
organic,/product/lutron-honeywell-hvac-touchpro-wireless-434-mhz/,11,1,0,0.090909091,3.090909091,0.090909091,34,0,0
organic,/become-a-lutron-pro/,11,1,0,0.1,3,0.090909091,33,0,0
organic,/brand/tdg-audio/,10,3,0,0.3,3.4,0.3,34,0,0
organic,/product/9520-dirt-devil-db5000-db7000-db8000-db9000-maxum-5-7-9-replacement-bags/,10,4,0,0.4,3.7,0.4,37,0,0
organic,/product/cat6-patch-cable-12-inches-blue/,11,2,0,0.2,3.090909091,0.181818182,34,0,0
organic,/product/music-garden-system/,10,0,0,0,3,0,30,0,0
organic,/product/rrst-pro-n-wh-radiora3-sunnata-rf-dimmer-white/,11,0,0,0,2.909090909,0,32,0,0
organic,/product/rsha-sonos-amp2/,11,2,7.545454545,0.2,3.181818182,0.181818182,35,0,0
organic,/product/udp-lx500-bluray-player/,10,4,0,0.4,3.4,0.4,34,0,0
organic,/product/wilson-ag-pro-4g-70db-amplifier-kit-refurbished-461104r/,10,0,0,0,3,0,30,0,0
organic,/product/wilson-db-pro-4g-cell-phone-booster-kit-refurbished-460103r/,10,1,0,0.1,3.1,0.1,31,0,0
organic,/brand/stealthacoustics/,9,1,0,0.111111111,3.111111111,0.111111111,28,0,0
organic,/product/5590w-universal-inlet-valve-white/,9,3,2.333333333,0.333333333,4.111111111,0.333333333,37,0,0
organic,/product/80275-chameleon-rough-in-kit-greige/,11,3,10.72727273,0.333333333,4,0.272727273,44,0,0
organic,/product/80315-40-hs-chameleon-retractable-kit-40-ft-with-hose-sock/,10,1,0,0.111111111,3.1,0.1,31,0,0
organic,/product/adc-11806rsd-18-6-stranded-shielded-cmr-1000-ft-reel/,11,2,0,0.222222222,3,0.181818182,33,0,0
organic,/product/stealth-acoustics-b30g/,10,2,1.7,0.222222222,3.9,0.2,39,0,0
organic,/product/truaudio-t50/,9,0,0,0,3,0,27,0,0
organic,/product/vssl-a-6/,9,2,0.777777778,0.222222222,3.777777778,0.222222222,34,0,0
organic,/shop-by-category/,13,11,26.53846154,1.222222222,7.307692308,0.846153846,95,0,0
organic,/brand/martin-logan/,9,5,12.88888889,0.625,5.444444444,0.555555556,49,0,0
organic,/brand/mse-audio/,8,3,0,0.375,3.5,0.375,28,0,0
organic,/now-at-broadline-fedex-freight/,8,2,0,0.25,3.25,0.25,26,0,0
organic,/product/evolution-hdmia%C2%A8-over-single-cat5e-cat6-cable-extender-with-arc/,9,0,0,0,2.888888889,0,26,0,0
organic,/product/l-smnt-wh-radiora3-wireless-processor-shelf-mount/,9,0,0,0,2.888888889,0,26,0,0
organic,/product/m-lcrdm-mk2/,10,2,0,0.25,2.9,0.2,29,0,0
organic,/product/nv-p100-na/,9,0,0,0,2.888888889,0,26,0,0
organic,/product/nx-410-us-vz/,8,1,0,0.125,3.875,0.125,31,0,0
organic,/product/rcc-nano1-b/,9,2,0,0.25,3.111111111,0.222222222,28,0,0
organic,/product/subd10eq/,9,2,0,0.25,3.222222222,0.222222222,29,0,0
organic,/product/ubiquiti-airrouter/,8,1,2.875,0.125,4,0.125,32,0,0
organic,/brand/monster-mounts/,8,0,0,0,2.875,0,23,0,0
organic,/does-your-job-need-the-6050-or-4050/,7,0,0,0,3,0,21,0,0
organic,/product/16-2-speaker-wire-65-strand-500-box/,7,2,17,0.285714286,8.285714286,0.285714286,58,0,0
organic,/product/a-6-x-vssl/,7,0,0,0,3,0,21,0,0
organic,/product/active-hdmi-cable-voltage-stabilizer/,7,1,0,0.142857143,3.285714286,0.142857143,23,0,0
organic,/product/adc-svr122-2t/,7,1,5.714285714,0.142857143,4.285714286,0.142857143,30,0,0
organic,/product/cd-421-us-vz/,7,1,0,0.142857143,3.142857143,0.142857143,22,0,0
organic,/product/os-62t-b-tdg-audio-6-%C2%BD-outdoor-8ohm-or-70v-100v-aluminum-speaker-in-black/,8,0,0,0,2.875,0,23,0,0
organic,/product/rmr6545-rack-mount-kit/,8,0,0,0,2.875,0,23,0,0
organic,/product/rrst-rd-wh-radiora3-sunnata-rf-companion-dimmer-white/,7,0,0,0,3,0,21,0,0
organic,/product/snaptoggle-304-stainless-steel-toggle-bolts-50435/,9,2,0,0.285714286,3,0.222222222,27,0,0
organic,/product/umb-75-100/,8,4,0,0.571428571,3.625,0.5,29,0,0
organic,/product/wsscam1-sanus-mount-for-sonos-amp/,7,0,0,0,3,0,21,0,0
organic,/brand/alarm-com/,7,1,0,0.166666667,3.285714286,0.142857143,23,0,0
organic,/brand/crimson/,6,3,0,0.5,4.5,0.5,27,0,0
organic,/brand/launch-port/,6,3,4.666666667,0.5,4.5,0.5,27,0,0
organic,/brand/primalcable/,8,7,3.875,1.166666667,4.75,0.875,38,0,0
organic,/brand/wilson-electronics/,8,2,0,0.333333333,3.125,0.25,25,0,0
organic,/brand/wolf-cinema/,6,2,0,0.333333333,3.333333333,0.333333333,20,0,0
organic,/product/10045-dirt-devil-db8000-power-unit-up-to-12k-sq-ft/,8,2,0,0.333333333,3,0.25,24,0,0
organic,/product/3u-decora-rack-plate-w-8-openings/,6,0,0,0,3,0,18,0,0
organic,/product/8865-cv2600-power-unit-single-motor-120v-8000-sq-ft/,6,0,0.5,0,3.166666667,0,19,0,0
organic,/product/9284-rhs-rhs-select-plus-kit-w-std-hndl/,7,0,0,0,2.857142857,0,20,0,0
organic,/product/adc-s2000-t-rb/,6,0,0,0,3,0,18,0,0
organic,/product/current-audio-amp870/,6,0,0,0,3,0,18,0,0
organic,/product/d65/,9,2,0,0.333333333,3.111111111,0.222222222,28,0,0
organic,/product/furrion-weather-resistant-tv-cover-65/,6,0,0,0,3,0,18,0,0
organic,/product/iec-wall-plate-white-w-pigtail/,6,0,0,0,3,0,18,0,0
organic,/product/l-poei-bl-radiora3-poe-injector-kit/,7,0,0,0,2.857142857,0,20,0,0
organic,/product/nfc-63a-tdg-audio-6-%C2%BD-angled-no-flange-ceiling-with-kevlar-trueform-woofer/,6,1,0,0.166666667,4.333333333,0.166666667,26,0,0
organic,/product/oc65b-70v/,7,2,0,0.333333333,3.142857143,0.285714286,22,0,0
organic,/product/oc8w-each/,6,0,0,0,3,0,18,0,0
organic,/product/pcbc6-tdg-audio-pre-construction-bracket-for-6-5-in-ceiling-speaker-5-pack/,9,2,0,0.333333333,2.888888889,0.222222222,26,0,0
organic,/product/pcbw-6-vanguard-pre-construction-brackets-for-6-%C2%BD-in-wall-speakers-5-pack/,6,0,0,0,3,0,18,0,0
organic,/product/ring-8vr1p6-0en0-ultra-slim-wi-fi-video-doorbell/,6,0,0,0,3,0,18,0,0
organic,/product/safetech-quickbox-home-z-wave-edition/,6,1,0,0.166666667,3.166666667,0.166666667,19,0,0
organic,/product/skybar-satellite-tdg-audio-ceiling-wall-satellite-side-channel-for-skybar/,6,1,0,0.166666667,3.166666667,0.166666667,19,0,0
organic,/product/ultrascape-pro/,8,1,0,0.166666667,3.125,0.125,25,0,0
organic,/product/wilson-dt4g-cell-phone-booster-kit-refurbished-460101r/,6,0,0,0,3,0,18,0,0
organic,/brand/winnie-industries/,5,1,5.2,0.2,3.4,0.2,17,0,0
organic,/product/2-in-riser-gard-corrugated-non-metallic-flexible-raceway-with-tape-coil-length-100-ft/,5,0,0,0,3,0,15,0,0
organic,/product/80315-50-hs-chameleon-retractable-kit-50-ft-with-hose-sock/,6,2,0,0.4,3.166666667,0.333333333,19,0,0
organic,/product/9205-univ-hs-hp-dirt-devil-edge-electric-kit-for-universal-valves-30-hose-wit/,5,0,0,0,3,0,15,0,0
organic,/product/9307-dual-hs-hp-dirt-devil-edge-performance-kit-30-hose-hose-sock-with-pigtail/,6,0,0,0,3.166666667,0,19,0,0
organic,/product/a220/,7,0,0.428571429,0,2.714285714,0,19,0,0
organic,/product/adc-sg130/,5,0,0,0,3,0,15,0,0
organic,/product/alarm-com-remote-temperature-sensor/,5,0,0,0,3,0,15,0,0
organic,/product/cat6-wh-scp-cat6-riser-1000-feet-ul-etl/,5,0,0,0,3,0,15,0,0
organic,/product/epic-mesh-node-mn-10/,6,0,0,0,2.833333333,0,17,0,0
organic,/product/epson-6050ub/,6,2,0,0.4,3.166666667,0.333333333,19,0,0
organic,/product/ethereal-as-p-601-power-solution-1000-surge-protector/,5,0,0,0,3,0,15,0,0
organic,/product/evolution-hdmia%C2%A8-1in2-4k2k-splitter/,5,1,0,0.2,3.2,0.2,16,0,0
organic,/product/external-video-processor-hd-e-variscope/,6,2,0,0.4,3.333333333,0.333333333,20,0,0
organic,/product/hrsiw8cab/,7,0,0,0,2.714285714,0,19,0,0
organic,/product/nfc-62-tdg-audio-in-ceiling-speakers-two-series-6-%C2%BD-in-ceiling-speaker/,5,0,0.2,0,3,0,15,0,0
organic,/product/nv-p30-wh-touch-screen/,5,1,0,0.2,3.4,0.2,17,0,0
organic,/product/nv-p3100-na-streaming-amp/,5,0,0,0,3,0,15,0,0
organic,/product/nvp6003zna/,5,0,0,0,3,0,15,0,0
organic,/product/ols-subv2-vanguard-tdg-10-outdoor-landscape-subwoofer-200w-gen2-black/,5,2,0,0.4,3.8,0.4,19,0,0
organic,/product/pathlight-kit-2-pathlights-1-bridge/,6,0,0,0,2.833333333,0,17,0,0
organic,/product/pro-cinema-ls12000-4k-pro-uhd-laser-projector/,5,1,0,0.2,3.2,0.2,16,0,0
organic,/product/rrst-w3rl-wh-radiora3-sunnata-3-button-keypad-with-raise-lower-white/,5,1,0,0.2,3.2,0.2,16,0,0
organic,/product/se120h2-isf/,5,0,0,0,3,0,15,0,0
organic,/product/si-zet120pw-na-bkna-su-na-2/,5,2,0,0.4,3.6,0.4,18,0,0
organic,/product/subamp-500-tdg-audio-500w-mono-high-power-dual-subwoofer-amplifier/,5,1,0,0.2,3.2,0.2,16,0,0
organic,/product/tx-nr696-new-model/,6,0,0,0,2.833333333,0,17,0,0
organic,/product/tytan-fire-block-foam-sealant-24oz-gun-foam/,6,0,0,0,2.833333333,0,17,0,0
organic,/product/vail-cast-universal-streaming-amplifier-google-chromecast-built-in-works-wit/,5,0,0,0,3,0,15,0,0
organic,/brand/advanced-digital-cable/,4,1,0,0.25,3.25,0.25,13,0,0
organic,/brand/celerity-technologies/,5,0,0,0,2.8,0,14,0,0
organic,/brand/sonos/,5,2,0,0.5,4.2,0.4,21,0,0
organic,/contact,4,0,0,0,3,0,12,0,0
organic,/intellinet-products-that-are-eero-approved/,6,0,0,0,2.666666667,0,16,0,0
organic,/lutron-and-ring-are-now-integrated/,4,0,0,0,3,0,12,0,0
organic,/my-account/,6,4,2.166666667,1,6.833333333,0.666666667,41,0,0
organic,/product/45-8017-1-media-box/,4,0,0,0,3,0,12,0,0
organic,/product/7402-i-hs-nl-turboteam-deluxe-30-hose-with-hose-sock/,8,2,0,0.5,3.25,0.25,26,0,0
organic,/product/7711-50-g-dirt-devil-garage-car-care-kit-50-hose/,4,0,0,0,3,0,12,0,0
organic,/product/7711-g-dirt-devil-garage-and-car-care-kit-with-30-hose/,4,1,0,0.25,3.25,0.25,13,0,0
organic,/product/80300-40-vroom-retract-vac-w-40-ft-hose/,5,1,0,0.25,3.2,0.2,16,0,0
organic,/product/8737-rhs-rhs-select-attach-kit-platinum/,4,0,0,0,3,0,12,0,0
organic,/product/alarm-com-programmable-smart-thermostat/,4,0,0,0,3,0,12,0,0
organic,/product/arcg1us1-sonos-arc-white/,4,0,0,0,3,0,12,0,0
organic,/product/archt-6/,4,0,0,0,2.75,0,11,0,0
organic,/product/cadence/,4,1,0.5,0.25,3.75,0.25,15,0,0
organic,/product/connect-bdg2-2/,4,1,0,0.25,3.25,0.25,13,0,0
organic,/product/control-mount-ipad-air-ipad-air-2-fixed-in-wall-mount-and-charging-system-for-ipad-air-or-for-ipad-air-2-white/,4,0,0,0,3,0,12,0,0
organic,/product/cs650fl-pair/,4,0,0,0,3,0,12,0,0
organic,/product/current-audio-amp2150/,4,0,0,0,3,0,12,0,0
organic,/product/ef120wh2-isf/,4,2,0,0.5,4.75,0.5,19,0,0
organic,/product/evolution-hdmia%C2%A8-and-vga-extender-over-single-cat5e-cat6-cable/,4,0,0,0,3,0,12,0,0
organic,/product/flsub10/,4,2,0,0.5,3.5,0.5,14,0,0
organic,/product/hardwired-transformer/,4,1,0,0.25,3.25,0.25,13,0,0
organic,/product/hdmi-wireless-extender-w-ir-4k-60-200m/,4,1,0,0.25,3.25,0.25,13,0,0
organic,/product/hid-prox-key-fob/,4,0,0,0,3,0,12,0,0
organic,/product/inclgww1-sonos-architectural-in-ceiling-speaker-pair/,4,0,0,0,2.5,0,10,0,0
organic,/product/iws-210-tdg-audio-signature-series-in-wall-dual-10-subwoofer/,5,1,0,0.25,4.4,0.2,22,0,0
organic,/product/large-venue-laser-projector-with-8000lm-wuxga-lu9715/,4,0,0,0,3,0,12,0,0
organic,/product/lutron-ra2-6brl-wall-keypad/,5,1,0,0.25,3,0.2,15,0,0
organic,/product/lutron-radiora2-aux-repeater-white/,4,0,0,0,3,0,12,0,0
organic,/product/mhy-lhdmer15-4k-hdr-uhd-hdmi-cable-18gbps-certified/,4,1,7,0.25,4.5,0.25,18,0,0
organic,/product/nfc-62m-tdg-audio-6-%C2%BD-no-flange-ceiling-2-way-marine-ip-66-rated/,4,1,0,0.25,3.25,0.25,13,0,0
organic,/product/nfc-63-tdg-audio-6-%C2%BD-no-flange-ceiling-with-kevlar-trueform-woofer/,4,1,0,0.25,3.25,0.25,13,0,0
organic,/product/nv-2lsk-bk-landscape-kit/,4,0,0,0,3,0,12,0,0
organic,/product/outdoor-living-12-inch-ground-stake/,4,0,0,0,3,0,12,0,0
organic,/product/panther4%E2%80%904m/,4,1,0,0.25,3.25,0.25,13,0,0
organic,/product/periscape-4/,4,1,0,0.25,4.5,0.25,18,0,0
organic,/product/rg-6-compression-connectors/,4,0,0,0,3,0,12,0,0
organic,/product/ring-flood-freeze-sensor-2-pack/,4,0,0,0,3,0,12,0,0
organic,/product/rr-proc3-kit-radiora3-processor-includes-shelf-mounted-accessory-poe-injector/,4,1,0,0.25,3.25,0.25,13,0,0
organic,/product/sda-200-vanguard-200-watt-mono-subwoofer-amplifier/,4,0,0,0,3,0,12,0,0
organic,/product/terminal-1010x/,4,0,0,0,3,0,12,0,0
organic,/product/ufo-hd-40p-fiber-hdmi/,5,0,0,0,2.8,0,14,0,0
organic,/product/ufo-hd-60p-fiber-hdmi/,4,0,0,0,3,0,12,0,0
organic,/product/vbs-hdmi-508poe/,5,1,0,0.25,3,0.2,15,0,0
organic,/product/vs-hfl-blk-hiflo-lite-vent/,4,1,0,0.25,3.25,0.25,13,0,0
organic,/product/vs-hfs-blk-hiflo-vent-system/,4,1,0,0.25,3.5,0.25,14,0,0
organic,/brand/atlas-sound/,3,1,0,0.333333333,3,0.333333333,9,0,0
organic,/brand/current-audio/,3,0,0,0,3,0,9,0,0
organic,/brand/elite-prime-vision/,4,1,0,0.333333333,4,0.25,16,0,0
organic,/brand/evolution-by-vanco/,3,1,0,0.333333333,3.666666667,0.333333333,11,0,0
organic,/brand/ic-realtime-clearview/,3,2,0,0.666666667,3.666666667,0.666666667,11,0,0
organic,/brand/middle-atlantic/,3,1,0,0.333333333,4,0.333333333,12,0,0
organic,/brand/tdg-audio/page/3/,6,1,0,0.333333333,2.833333333,0.166666667,17,0,0
organic,/brand/vextra/,3,1,0,0.333333333,4,0.333333333,12,0,0
organic,/cart/,4,4,20.25,1.333333333,11.5,1,46,0,0
organic,/introducing-the-sanus-vdlt17/,3,0,0,0,3,0,9,0,0
organic,/page/472/,4,2,3.25,0.666666667,5.25,0.5,21,0,0
organic,/product/1x8-hdmi-splitter-extender-w-pot-loop-out/,3,2,0,0.666666667,4,0.666666667,12,0,0
organic,/product/7402-35-i-hs-nl-turboteam-deluxe-35-hose-with-hose-sock/,3,1,6.333333333,0.333333333,4,0.333333333,12,0,0
organic,/product/80201w-chameleon-1-valve-installation-kits-no-hose-or-handle-white/,5,1,0,0.333333333,2.8,0.2,14,0,0
organic,/product/8839-rhs-hp-premium-attachment-kit/,3,0,0,0,3,0,9,0,0
organic,/product/adc-6802wb-advanced-digital-cable-18-2-stranded-black-direct-burial-1000ft/,4,0,0,0,2.75,0,11,0,0
organic,/product/adc-912202sd-22-2-plenum-security-cable-stranded-shielded-1000-ft-adc/,3,0,0,0,3,0,9,0,0
organic,/product/adc-sem210-vt-at/,3,1,0,0.333333333,3.666666667,0.333333333,11,0,0
organic,/product/adc-svr122-1t/,3,0,0,0,3,0,9,0,0
organic,/product/adc-t3000/,3,1,0,0.333333333,3.333333333,0.333333333,10,0,0
organic,/product/adc-v722w/,3,0,0,0,3,0,9,0,0
organic,/product/al07509c-7-inch-natural-plenum-rated-cable-ties/,3,0,0,0,3,0,9,0,0
organic,/product/apollo-ae5046-859776005050/,4,0,0,0,2.75,0,11,0,0
organic,/product/apollo-ae6560-859776005302/,4,0,0,0,2.75,0,11,0,0
organic,/product/arlington-round-low-voltage-mounting-bracket-for-smoke-detectors/,3,0,0,0,3,0,9,0,0
organic,/product/avr-s960h/,3,0,0,0,3,0,9,0,0
organic,/product/avr-x2700/,3,1,0,0.333333333,3.333333333,0.333333333,10,0,0
organic,/product/basic-temp-controller-on-off-only-tc-bsc-88/,4,0,0,0,2.75,0,11,0,0
organic,/product/bav4250-1000w-4-channel-amplifier/,3,0,0,0,3,0,9,0,0
organic,/product/cable-dolly-jr-wire-cart/,3,0,0,0,3,0,9,0,0
organic,/product/cat6-bl-scp-cat6-riser-1000-feet-ul-etl/,4,0,0,0,2.75,0,11,0,0
organic,/product/dsw-pro-600-grille/,3,1,0,0.333333333,3.666666667,0.333333333,11,0,0
organic,/product/enp1700-na/,5,0,0,0,2.6,0,13,0,0
organic,/product/epson-l520w/,3,0,0,0,3,0,9,0,0
organic,/product/ev4k2006-4k-30hz-poe-balun/,8,2,9.875,0.666666667,3.125,0.25,25,0,0
organic,/product/glcrdm2-grilles/,3,0,0,0,3,0,9,0,0
organic,/product/hdmi-extender-over-single-cat5e-6-w-poe-70m/,3,0,0,0,3,0,9,0,0
organic,/product/icip-b4001ir-i-4mp-3-6mm/,4,0,0,0,2.75,0,11,0,0
organic,/product/kd-8x8csa/,3,0,0,0,3,0,9,0,0
organic,/product/kd-xswrx/,3,0,0,0,3,0,9,0,0
organic,/product/led-rechargeable-worklight/,3,3,0,1,5,1,15,0,0
organic,/product/lutron-ra2-1000w-dimmer/,3,0,0,0,3,0,9,0,0
organic,/product/lutron-ra2-434mhz-16a-relay-powpak-system/,9,0,0,0,2.333333333,0,21,0,0
organic,/product/lutron-ra2-600w-neutral-adaptive-dimmer/,3,0,0,0,3,0,9,0,0
organic,/product/lutron-ra2-hybrid-3bsrl-wall-keypad/,3,0,0,0,3,0,9,0,0
organic,/product/lutron-ra2-remote-switch/,3,0,0,0,3,0,9,0,0
organic,/product/ma441-monster-mounts-full-motion-ultra-thin-mount/,3,0,0,0,3,0,9,0,0
organic,/product/metal-distribution-d-ring-3-in/,3,2,0,0.666666667,4.666666667,0.666666667,14,0,0
organic,/product/nfc-61-in-ceiling-speaker/,3,0,0,0,3,0,9,0,0
organic,/product/nv-p200-na-player-amp-1-zone/,3,0,0,0,3,0,9,0,0
organic,/product/nv-subtxrx-na-wireless-sub-kit/,3,1,0,0.333333333,3.666666667,0.333333333,11,0,0
organic,/product/od41sys/,3,0,0,0,3,0,9,0,0
organic,/product/plug-in-adaptor-ring-pro/,3,0,0,0,3,0,9,0,0
organic,/product/powerg-wireless-smoke-and-heat-detector-pg9936/,3,1,0,0.333333333,3.333333333,0.333333333,10,0,0
organic,/product/pro-mounts-sftm-ultra-slim-tilt-mount-medium/,3,0,0,0,3,0,9,0,0
organic,/product/qr0017-840/,3,1,0,0.333333333,3.666666667,0.333333333,11,0,0
organic,/product/r-125t-350-box-1-25-riser-conduit/,3,0,0,0,3,0,9,0,0
organic,/product/r-16-4-box-white-500/,3,0,0,0,3,0,9,0,0
organic,/product/ring-peephole-cam/,3,0,0,0,3,0,9,0,0
organic,/product/rmr1913/,3,1,0,0.333333333,3.666666667,0.333333333,11,0,0
organic,/product/rsha-sonos-amp4/,3,0,0,0,3,0,9,0,0
organic,/product/scp-16-4-speaker-wire-65-strand-500-box-purple/,3,0,0,0,3,0,9,0,0
organic,/product/scp-22-4-stranded-security-cable-500ft-coil-white/,4,2,12.5,0.666666667,5.25,0.5,21,0,0
organic,/product/skybell-trim-plus-works-with-alarm-com/,3,0,0,0,3,0,9,0,0
organic,/product/snaptoggle-304-stainless-steel-toggle-bolts-25021/,3,1,0,0.333333333,3.666666667,0.333333333,11,0,0
organic,/product/sonos-era-300/,5,3,12.4,1,4.4,0.6,22,0,0
organic,/product/soundbar-mount-swivel/,3,1,0,0.333333333,4.333333333,0.333333333,13,0,0
organic,/product/stealth-acoustics-bx-30/,3,0,0,0,3,0,9,0,0
organic,/product/swt-x-receiver-transmitter/,5,0,0,0,2.6,0,13,0,0
organic,/product/tailgate-mount-600x400-50lbs/,3,0,0,0,3,0,9,0,0
organic,/product/truaudio-t100/,3,0,0,0,3,0,9,0,0
organic,/product/vc6-cat6-utp-pvc-blue-cmr-1000-box-vextra-made-in-usa/,3,0,0,0,3,0,9,0,0
organic,/product/vssl-a-1x/,4,0,0,0,2.75,0,11,0,0
organic,/product/wnph456673/,3,0,0,0,3,0,9,0,0
organic,/product/xms-1010p/,3,2,0,0.666666667,3.666666667,0.666666667,11,0,0
organic,/sign-up-for-sonos-webinars/,5,1,0,0.333333333,3.2,0.2,16,0,0
organic,/wp-content/cache/wp-rocket/mybroadline.com/brand/celerity-technologies/index.html_gzip,3,0,0,0,3,0,9,0,0
organic,/brand/cool-components/,2,0,0,0,2.5,0,5,0,0
organic,/brand/heos/,2,1,0,0.5,3.5,0.5,7,0,0
organic,/brand/hp-dirt-devil/,2,2,54,1,57.5,1,115,0,0
organic,/brand/just-add-power/,2,0,0,0,2.5,0,5,0,0
organic,/brand/legrand/,2,1,0,0.5,3.5,0.5,7,0,0
organic,/brand/luxul/,2,1,0,0.5,4,0.5,8,0,0
organic,/brand/pulse-audio/,2,0,0,0,3,0,6,0,0
organic,/brand/qolsys/?orderby=price-desc,2,0,0,0,3,0,6,0,0
organic,/brand/rockustics/,2,0,0,0,3,0,6,0,0
organic,/brand/screen-innovations/,4,0,0,0,2.5,0,10,0,0
organic,/careers/,2,0,0,0,3,0,6,0,0
organic,/four-reason-every-home-needs-a-central-vacuum-system/,2,0,0,0,3,0,6,0,0
organic,/heres-what-to-do-if-you-cant-find-a-sonos-amp/,2,0,0,0,3,0,6,0,0
organic,/logo/definitive-technology/,2,1,0,0.5,4,0.5,8,0,0
organic,/my-account/lost-password/?reset-link-sent=true,2,0,0,0,2,0,4,0,0
organic,/my-account/orders/,3,1,0,0.5,3,0.333333333,9,0,0
organic,/new-product-alert-pro-controls/,2,1,0,0.5,5,0.5,10,0,0
organic,/news/,3,0,0,0,2.666666667,0,8,0,0
organic,/product-category/av-receivers-and-amps/rack-mount/,2,0,0,0,3,0,6,0,0
organic,/product-category/cables/,2,2,28,1,9,1,18,0,0
organic,/product-category/centralvac/page/3/,2,1,0,0.5,4,0.5,8,0,0
organic,/product-category/projection-screens/,9,5,18.22222222,2.5,6.555555556,0.555555556,59,0,0
organic,/product/039-358wh/,5,1,0,0.5,2.6,0.2,13,0,0
organic,/product/16-4-speaker-wire-500-box-scp/,2,1,0,0.5,4.5,0.5,9,0,0
organic,/product/1m-premium-stereo-rca-cable/,2,1,25,0.5,5,0.5,10,0,0
organic,/product/2gig-smkt8-345/,2,0,0,0,3,0,6,0,0
organic,/product/4050ub/,2,0,0,0,3,0,6,0,0
organic,/product/4k-hdmi-audio-extractor/,2,1,0,0.5,4.5,0.5,9,0,0
organic,/product/5545w-tubing-support-strap/,2,0,0,0,3,0,6,0,0
organic,/product/6x6-in-wall-box-w-dual-power-outlets/,2,1,0,0.5,4.5,0.5,9,0,0
organic,/product/80202a-chameleon-2-valve-kit-almond/,2,1,35.5,0.5,6.5,0.5,13,0,0
organic,/product/80202w-chameleon-2-valve-complete-install-kit-white/,2,0,0,0,3,0,6,0,0
organic,/product/80300-vroom-retract-vac/,2,0,0,0,3,0,6,0,0
organic,/product/80350-chameleon-non-rf-gas-pump-handle/,3,0,0,0,2.333333333,0,7,0,0
organic,/product/8884-hs-dirt-devil-e-class-cleanteam-deluxe-with-30-hose-and-hose-sock-for-univ/,2,0,0,0,2.5,0,5,0,0
organic,/product/a-1-vssl,2,0,0,0,3,0,6,0,0
organic,/product/a120/,2,1,0,0.5,3.5,0.5,7,0,0
organic,/product/aa35-mixer-amp/,2,0,0,0,3,0,6,0,0
organic,/product/adc-11402rsd-advanced-14-2-stranded-shielded-cable-1000-feet/,2,0,0,0,3,0,6,0,0
organic,/product/adc-71802sd-18-awg-2-conductor-shielded-comm-3-4-purple-jacket-1000-ft/,2,1,0,0.5,3.5,0.5,7,0,0
organic,/product/adc-911202sd-advanced-digital-12-2-stranded-shielded-plenum-white-jacket/,2,0,0,0,3,0,6,0,0
organic,/product/adc-912204-adc-22-4-stranded-cable-plenum-cmp-white-1000-ft-pull-box/,2,1,0,0.5,3.5,0.5,7,0,0
organic,/product/adc-981402-14-2-fplp-plenum-fire-alarm-red-1000ft/,2,1,0,0.5,4,0.5,8,0,0
organic,/product/adc-csvr126-16ch-2x6tb/,2,0,0,0,3,0,6,0,0
organic,/product/adc-v622/,2,0,0,0,3,0,6,0,0
organic,/product/adc-vc736/,2,0,0,0,3,0,6,0,0
organic,/product/adc-vpe-9ft-w/,2,0,0,0,3,0,6,0,0
organic,/product/al07500c-7-inch-black-plenum-rated-cable-ties/,2,0,0,0,3,0,6,0,0
organic,/product/ampg1us1blk-sonos-amp/,2,0,0,0,3,0,6,0,0
organic,/product/ap-5-sleeve-white-for-ipad-air/,2,1,0,0.5,4,0.5,8,0,0
organic,/product/archt-6-sstt/,3,1,0,0.5,3,0.333333333,9,0,0
organic,/product/archt-8-pcb/,3,0,0,0,2.666666667,0,8,0,0
organic,/product/atlas-sound-cp700-power-amp/,2,0,0,0,3,0,6,0,0
organic,/product/avr-x6700h/,2,0,0,0,3,0,6,0,0
organic,/product/ax-mini4-bundle-1/,2,0,0,0,3.5,0,7,0,0
organic,/product/biocam-300/,2,1,0,0.5,4,0.5,8,0,0
organic,/product/cat6-plenum-1000-box-white/,2,0,0,0,3,0,6,0,0
organic,/product/cd-411-us-at/,2,0,0,0,3,0,6,0,0
organic,/product/cfr2115-b1/,2,1,0,0.5,3.5,0.5,7,0,0
organic,/product/cs-fit65flg/,2,1,0,0.5,3.5,0.5,7,0,0
organic,/product/curve-235-acousticpro-4k/,2,0,0,0,3,0,6,0,0
organic,/product/da-2050-vanguard-2-x-50-wpc-stereo-digital-amplifier/,2,0,0,0,3,0,6,0,0
organic,/product/dark-star-9-efinity/,2,0,0,0,3,0,6,0,0
organic,/product/dht-s516/,2,0,0,0,3,0,6,0,0
organic,/product/double-gang-in-wall-surge-protector-1080-joules/,2,0,0,0,3,0,6,0,0
organic,/product/edid-hdmi-regenerator-tool/,2,0,0,0,3,0,6,0,0
organic,/product/ef120h-pst/,2,2,69.5,1,6.5,1,13,0,0
organic,/product/ef138c-pst/,2,0,0,0,3,0,6,0,0
organic,/product/evolution-2in1-hdmia%C2%A8-switch-with-multiview-and-pip/,2,0,0,0,3,0,6,0,0
organic,/product/evolution-hdbaset%C2%89a%C2%A2-16in16-matrix-selector-switch/,2,0,0,0,3,0,6,0,0
organic,/product/evolution-hdbaset%C2%89a%C2%A2-4k60hz-444-chroma-hdr-extender-164ft-50m/,2,0,0,0,3,0,6,0,0
organic,/product/evolution-hdmia%C2%A8-4-x-4-matrix-selector-switch-over-cat5e-cat6-with-poe-receivers/,2,0,0,0,3,0,6,0,0
organic,/product/google-nest-thermostat-ga02180-us/,2,0,0,0,3,0,6,0,0
organic,/product/hdmi-extender-over-single-cat5e-60m-w-ir-4k/,3,0,0,0,2.666666667,0,8,0,0
organic,/product/heos-amp/,2,0,0,0,3,0,6,0,0
organic,/product/icip-d4732z-4mp-motorozized-varifocal/,2,0,0,0,3,0,6,0,0
organic,/product/indoor-outoor-medium-antenna-amplified/,2,0,0,0,3,0,6,0,0
organic,/product/ip%E2%80%90ptz%E2%80%90889/,2,1,0,0.5,3.5,0.5,7,0,0
organic,/product/iport-charge-stand-works-with-any-charge-case/,2,0,0,0,3,0,6,0,0
organic,/product/iq-panel-2-plus-verizon-lte-encrypted-2-1-kit/,2,0,0,0,3,0,6,0,0
organic,/product/ir-connecting-cable-stereo-to-mono/,2,0,0,0,3,0,6,0,0
organic,/product/ir-transmitter-add-on-for-evsp1002-1004-1008-also-compatible-with-select-evolution-matrix-and-extender-units/,2,0,0,0,2.5,0,5,0,0
organic,/product/lcrdm-iw-kit/,2,1,0,0.5,6,0.5,12,0,0
organic,/product/lutron-ra2-hybrid-2rld-wall-keypad/,2,0,0,0,3,0,6,0,0
organic,/product/lutron-ra2-large-5-button-tabletop-keypad/,2,0,0,0,3,0,6,0,0
organic,/product/lutron-ra2-seetemp-control-fahrenheit/,2,1,0,0.5,4,0.5,8,0,0
organic,/product/mifare-card,2,0,0,0,3,0,6,0,0
organic,/product/monster-cable-mounts-mt64-tilt-wall-mount/,2,0,0,0,3,0,6,0,0
organic,/product/monster-mounts-large-full-motion-ultra-mount-ma641/,2,0,0,0,3,0,6,0,0
organic,/product/motion-20i-matte-white/,2,0,0,0,3,0,6,0,0
organic,/product/ms-n1008-upc/,2,0,0,0,3,0,6,0,0
organic,/product/ms-n5008-uc/,2,0,0,0,3,0,6,0,0
organic,/product/mtc-210ub,2,0,0,0,3,0,6,0,0
organic,/product/nc8fitcbi/,2,1,0,0.5,2.5,0.5,5,0,0
organic,/product/nfc-82-tdg-audio-8-no-flange-ceiling-with-aluminum-trueform-woofer/,2,0,0,0,3,0,6,0,0
organic,/product/nflcr53-nflcr-53-dual-5-in-wall-lcr-speaker-dual-5-kevlar-trueform-woofers/,2,0,0,0,3,0,6,0,0
organic,/product/nv-p30-bk/,2,0,0,0,3,0,6,0,0
organic,/product/nvp5200-na/,2,0,0,0,3,0,6,0,0
organic,/product/nx-411-us-at/,2,0,0,0,3,0,6,0,0
organic,/product/os-62t-b-tdg-audio-6-%c2%bd-outdoor-8ohm-or-70v-100v-aluminum-speaker-in-black/,2,0,0,0,3,0,6,0,0
organic,/product/panther16%E2%80%904m/,2,0,0,0,2.5,0,5,0,0
organic,/product/pas-4-1-bu/,2,0,0,0,3,0,6,0,0
organic,/product/pas42600/,2,2,0,1,4,1,8,0,0
organic,/product/pb-85/,2,0,0,0,3,0,6,0,0
organic,/product/pb-lci-c/,2,0,0,0,3,0,6,0,0
organic,/product/pdu-08/,2,0,0,0,3,0,6,0,0
organic,/product/phoenix-16-8p/,2,0,0,0,3,0,6,0,0
organic,/product/port1us1blk-sonos-port-streamer/,2,0,0,0,3,0,6,0,0
organic,/product/pro-mounts-uc-pro310-large-tilt-ceiling-tv-mount/,2,1,4,0.5,3.5,0.5,7,0,0
organic,/product/pro24-z/,2,0,0,0,3,0,6,0,0
organic,/product/prolink-r-plus-processor-with-ir-emitters/,2,0,0,0,3,0,6,0,0
organic,/product/qar-series-rack-12-ru-24d/,2,0,0,0,3,0,6,0,0
organic,/product/qs-1112-p01/,2,0,0,0,3,0,6,0,0
organic,/product/qs-8130-p01/,2,0,0,0,3,0,6,0,0
organic,/product/r-150t-250-box-1-50-riser-conduit/,3,1,0,0.5,7.666666667,0.333333333,23,0,0
organic,/product/replacement-tip-for-5-16-rod/,2,1,0,0.5,3.5,0.5,7,0,0
organic,/product/ring-indoor-cam-white/,2,1,52,0.5,8.5,0.5,17,0,0
organic,/product/rrst-w2b-wh-radiora3-sunnata-2-button-keypad-white/,3,0,0,0,2.666666667,0,8,0,0
organic,/product/s1shfww1-sonos-shelf-for-one-and-play1-white/,2,0,0,0,3,0,6,0,0
organic,/product/sasb1-soundbar-mount/,2,1,0,0.5,3.5,0.5,7,0,0
organic,/product/sc-n10/,3,0,0,0,2.666666667,0,8,0,0
organic,/product/scp-22-2-stranded-security-cable-1000ft-box/,2,0,0,0,3,0,6,0,0
organic,/product/scp-22-4-stranded-security-cable-500ft-coil-yellow/,2,0,0,0,3,0,6,0,0
organic,/product/smart-home-control-2-switch-panel/,2,0,0,0,3,0,6,0,0
organic,/product/snaptoggle-304-stainless-steel-toggle-bolts-50440/,2,0,0,0,3,0,6,0,0
organic,/product/supercube-6000/,2,1,0,0.5,4.5,0.5,9,0,0
organic,/product/surface-40/,2,0,0,0,3,0,6,0,0
organic,/product/the-peregrine-hd-fixed-frame-screen-2/,2,0,0,0,3,0,6,0,0
organic,/product/thtr69/,2,0,0,0,3,0,6,0,0
organic,/product/tilt-26-42-70lbs-2/,2,0,0,0,3,0,6,0,0
organic,/product/toggler-plastic-toggle-anchors-11029/,2,0,0,0,3,0,6,0,0
organic,/product/toggler-plastic-toggle-anchors-50525/,2,0,0,0,3,0,6,0,0
organic,/product/ubiquiti-picostation-m2hp-2-4-ghz/,2,0,0,0,3,0,6,0,0
organic,/product/umb-46-60-c/,3,1,0,0.5,3.333333333,0.333333333,10,0,0
organic,/product/ut-pro310-tilt-post-leveling/,8,1,0,0.5,2.375,0.125,19,0,0
organic,/product/vailamp-vanguard-in-wall-recessed-low-voltage-smart-amp-for-alexa-dot-includes/,2,0,0,0,3,0,6,0,0
organic,/product/vdlt17-b1/,2,0,0,0,3,0,6,0,0
organic,/product/wd60purx/,3,2,0,1,3.666666667,0.666666667,11,0,0
organic,/product/wjh12-3-4-j-hook/,2,1,0,0.5,3.5,0.5,7,0,0
organic,/product/wmag26ctuv-26lb-magnetic-cable-tie-mount-uv-black/,2,1,0,0.5,3.5,0.5,7,0,0
organic,/product/wndr-dcbl-gn/,2,0,0,0,3,0,6,0,0
organic,/product/xsa-sfp1/,2,0,0,0,3,0,6,0,0
organic,/proposals/,3,2,0,1,3.666666667,0.666666667,11,0,0
organic,/shop-by-category,2,0,0,0,3,0,6,0,0
organic,/shop/,2,2,1.5,1,5.5,1,11,0,0
organic,/terms-and-conditions/,3,0,0,0,2.666666667,0,8,0,0
organic,(not set),3,1,4.333333333,1,4.333333333,0.333333333,13,0,0
organic,/3-must-haves-in-your-home-security-kits/,2,0,0,0,2.5,0,5,0,0
organic,/?filters=brand[1736]|_stock_status[1],2,1,0,1,2.5,0.5,5,0,0
organic,/?s=1+port+faceplate&post_type=product&dgwt_wcas=1,1,1,544,1,69,1,69,0,0
organic,/?s=247&post_type=product&dgwt_wcas=1,1,1,0,1,6,1,6,0,0
organic,/?s=280701-162&post_type=product&dgwt_wcas=1,1,1,340,1,60,1,60,0,0
organic,/?s=43-may&post_type=product&dgwt_wcas=1,1,0,1,0,4,0,4,0,0
organic,/?s=70740&post_type=product&dgwt_wcas=1,1,1,50,1,37,1,37,0,0
organic,/?s=70v+Ceiling+speaker&post_type=product&dgwt_wcas=1,1,1,0,1,3,1,3,0,0
organic,/?s=BXAXSXR42R&post_type=product&dgwt_wcas=1,1,0,3,0,4,0,4,0,0
organic,/?s=CAT6&post_type=product&dgwt_wcas=1&filters=product_cat[960]|_stock_status[1],1,1,17,1,26,1,26,0,0
organic,/?s=HD4K&post_type=product&dgwt_wcas=1,1,1,0,1,3,1,3,0,0
organic,/?s=Hdmi+cable&post_type=product&dgwt_wcas=1,1,0,0,0,2,0,2,0,0
organic,/?s=Invisible+speakers&post_type=product&dgwt_wcas=1&paged=3,1,1,64,1,10,1,10,0,0
organic,/?s=Key+Digital&post_type=product&dgwt_wcas=1,2,2,6,2,6.5,1,13,0,0
organic,/?s=Oc3+tube&post_type=product&dgwt_wcas=1,1,0,0,0,2,0,2,0,0
organic,/?s=Outdoor+ceiling+speaker&post_type=product&dgwt_wcas=1,1,0,0,0,2,0,2,0,0
organic,/?s=Outdoor+speakers&post_type=product&dgwt_wcas=1&paged=2,1,0,0,0,2,0,2,0,0
organic,/?s=Pull+gun+&post_type=product&dgwt_wcas=1,1,0,0,0,2,0,2,0,0
organic,/?s=QS9004-840-06-00&post_type=product&dgwt_wcas=1,1,0,2,0,4,0,4,0,0
organic,/?s=Sonos&post_type=product&dgwt_wcas=1&paged=2,1,1,0,1,5,1,5,0,0
organic,/?s=Sonos+speakers&post_type=product&dgwt_wcas=1,1,1,0,1,3,1,3,0,0
organic,/?s=Spotlight+Cam+Pro&post_type=product&dgwt_wcas=1,1,1,0,1,3,1,3,0,0
organic,/?s=Structure+&post_type=product&dgwt_wcas=1,1,1,181,1,44,1,44,0,0
organic,/?s=Tilting+tv+mount&post_type=product&dgwt_wcas=1&paged=2,1,0,0,0,2,0,2,0,0
organic,/?s=Veto&post_type=product&dgwt_wcas=1,1,1,13,1,10,1,10,0,0
organic,/?s=Wall+mount++enclosure&post_type=product&dgwt_wcas=1,1,0,0,0,2,0,2,0,0
organic,/?s=ceiling+grid+wire&post_type=product&dgwt_wcas=1,1,1,0,1,3,1,3,0,0
organic,/?s=enp20&post_type=product&dgwt_wcas=1,1,1,7,1,8,1,8,0,0
organic,/?s=iport+luxe+case&post_type=product&dgwt_wcas=1,1,1,121,1,25,1,25,0,0
organic,/?s=key+digital&post_type=product&dgwt_wcas=1&filters=brand[672],1,0,0,0,3,0,3,0,0
organic,/?s=landscape&post_type=product&dgwt_wcas=1,1,1,0,1,4,1,4,0,0
organic,/?s=launch+port&post_type=product&dgwt_wcas=1,1,1,2,1,10,1,10,0,0
organic,/?s=martin+logan&post_type=product&dgwt_wcas=1,1,1,0,1,5,1,5,0,0
organic,/?s=ml75&post_type=product&dgwt_wcas=1,1,1,0,1,5,1,5,0,0
organic,/?s=nest&post_type=product&dgwt_wcas=1&paged=2,1,1,24,1,18,1,18,0,0
organic,/?s=ring&post_type=product&dgwt_wcas=1,1,0,0,0,2,0,2,0,0
organic,/?s=sonamp&post_type=product&dgwt_wcas=1,1,1,36,1,7,1,7,0,0
organic,/?s=truaudion&post_type=product&dgwt_wcas=1,1,1,2,1,9,1,9,0,0
organic,/?s=v180&post_type=product&dgwt_wcas=1,1,0,2,0,4,0,4,0,0
organic,/?s=vertical+cable&post_type=product&dgwt_wcas=1,1,1,0,1,3,1,3,0,0
organic,/?s=wms2-b1&post_type=product&dgwt_wcas=1,1,0,1,0,6,0,6,0,0
organic,/author/dulcebroadlinecable-com/,1,0,0,0,3,0,3,0,0
organic,/brand/advanced-cable-ties/,5,0,0,0,2.2,0,11,0,0
organic,/brand/artison/,1,0,0,0,3,0,3,0,0
organic,/brand/audio-solutions/,1,1,0,1,6,1,6,0,0
organic,/brand/bealstreet/,1,0,0,0,3,0,3,0,0
organic,/brand/bealstreet/page/2/,1,1,0,1,4,1,4,0,0
organic,/brand/bes-manufacturing/,1,0,0,0,3,0,3,0,0
organic,/brand/bes-manufacturing/page/9/,1,1,7,1,7,1,7,0,0
organic,/brand/carlon/,1,1,0,1,4,1,4,0,0
organic,/brand/datacomm/,1,1,0,1,5,1,5,0,0
organic,/brand/epson/,4,1,13.5,1,3.5,0.25,14,0,0
organic,/brand/ethereal/,1,0,0,0,3,0,3,0,0
organic,/brand/furrion/,1,0,0,0,3,0,3,0,0
organic,/brand/hp-dirt-devil/page/2/,1,1,0,1,7,1,7,0,0
organic,/brand/hp-dirt-devil/page/3/,1,1,0,1,4,1,4,0,0
organic,/brand/ic-realtime-clearview/page/10/,1,0,0,0,3,0,3,0,0
organic,/brand/ic-realtime-clearview/page/9/,1,0,0,0,3,0,3,0,0
organic,/brand/jbl/,1,0,0,0,3,0,3,0,0
organic,/brand/lutron/?paged=2,1,1,0,1,4,1,4,0,0
organic,/brand/martin-logan/?filters=brand[1719],10,10,52.7,10,11.3,1,113,0,0
organic,/brand/martin-logan/page/11/?filters=brand%5B1719%5D,1,1,0,1,13,1,13,0,0
organic,/brand/martin-logan/page/2/,1,0,0,0,3,0,3,0,0
organic,/brand/metra/page/28/,1,1,0,1,4,1,4,0,0
organic,/brand/milesight/,1,0,0,0,3,0,3,0,0
organic,/brand/milesight/page/9/,1,1,0,1,4,1,4,0,0
organic,/brand/pioneer-elite/,1,0,0,0,3,0,3,0,0
organic,/brand/polk-audio/,1,0,0,0,3,0,3,0,0
organic,/brand/polk-audio/?filters=product_cat[1329],2,0,0,0,2.5,0,5,0,0
organic,/brand/polk-audio/page/2/,1,0,0,0,3,0,3,0,0
organic,/brand/premier-conduit/,1,0,0,0,3,0,3,0,0
organic,/brand/proficient/,1,0,0,0,3,0,3,0,0
organic,/brand/qolsys/,1,1,0,1,5,1,5,0,0
organic,/brand/quest-manufacturing/,1,0,0,0,3,0,3,0,0
organic,/brand/savant/page/3/,3,2,18.66666667,2,6.333333333,0.666666667,19,0,0
organic,/brand/scp/page/3/,1,1,0,1,4,1,4,0,0
organic,/brand/scp/page/6/,1,1,0,1,4,1,4,0,0
organic,/brand/sonarray/,1,1,0,1,6,1,6,0,0
organic,/brand/sunfire/,1,1,0,1,4,1,4,0,0
organic,/brand/tripp-lite/,1,1,106,1,16,1,16,0,0
organic,/brand/veto-pro-pac/,1,0,0,0,3,0,3,0,0
organic,/brand/vextra/page/2/,1,1,80,1,15,1,15,0,0
organic,/brand/wavenet/,1,1,0,1,4,1,4,0,0
organic,/broadline-logo/,1,0,0,0,3,0,3,0,0
organic,/category/counter-day/,1,0,0,0,3,0,3,0,0
organic,/category/product-features/,1,1,71,1,24,1,24,0,0
organic,/category/webinars/,1,1,0,1,3,1,3,0,0
organic,/checkout/order-received/18768/?key=wc_order_LEDzjc6YfxB5z,3,2,0,2,5,0.666666667,15,0,0
organic,/dealer-registration/,1,1,9,1,16,1,16,0,0
organic,/enquiry-quote-cart/,1,0,0,0,2,0,2,0,0
organic,/home/,1,1,16,1,33,1,33,0,0
organic,/job-postings/,1,1,0,1,9,1,9,0,0
organic,/logo/tdg-audio/,1,0,0,0,3,0,3,0,0
organic,/news/page/3/,1,0,0,0,3,0,3,0,0
organic,/polk-audio-brand-logo/,1,1,0,1,4,1,4,0,0
organic,/product-category/alarm/?filters=product_cat[1712],2,0,0,0,2,0,4,0,0
organic,/product-category/alarm/module/,1,0,0,0,3,0,3,0,0
organic,/product-category/alarm/z-wave-devices/,1,1,0,1,5,1,5,0,0
organic,/product-category/automation-and-control/launchport/page/3/?orderby=price-desc,1,0,0,0,3,0,3,0,0
organic,/product-category/av-racks-more/av-racks/qar-series/,1,1,0,1,5,1,5,0,0
organic,/product-category/av-receivers-and-amps/page/2/,1,1,28,1,14,1,14,0,0
organic,/product-category/bulk-wire/?filters=brand[108],1,1,0,1,3,1,3,0,0
organic,/product-category/cables/audio-cables/page/2/,1,0,0,0,3,0,3,0,0
organic,/product-category/centralvac/,6,6,58.5,6,13.5,1,81,0,0
organic,/product-category/centralvac/chameleon/,1,0,0,0,3,0,3,0,0
organic,/product-category/centralvac/chameleon/hose/,1,1,0,1,4,1,4,0,0
organic,/product-category/centralvac/page/2/,1,1,43,1,19,1,19,0,0
organic,/product-category/commercial-amplifiers/mixer-amplifier/,1,0,0,0,3,0,3,0,0
organic,/product-category/ipad-charging/launchport/,1,1,0,1,11,1,11,0,0
organic,/product-category/ipad-charging/launchport/in-wall/,1,1,0,1,11,1,11,0,0
organic,/product-category/led-strips/single-color/,1,1,0,1,5,1,5,0,0
organic,/product-category/lighting/ra3/,1,0,0,0,2,0,2,0,0
organic,/product-category/media-distribution/,2,2,11,2,6,1,12,0,0
organic,/product-category/media-distribution/audio-video-accessories/page/12/?orderby=popularity,1,1,73,1,9,1,9,0,0
organic,/product-category/media-distribution/page/7/?orderby=rating,1,1,0,1,6,1,6,0,0
organic,/product-category/media-distribution/streaming/,1,0,0,0,3,0,3,0,0
organic,/product-category/mounts/page/4/,2,0,0,0,2,0,4,0,0
organic,/product-category/mounts/projection/suspended-ceiling/,1,0,0,0,3,0,3,0,0
organic,/product-category/network-racks/,1,1,0,1,9,1,9,0,0
organic,/product-category/networking/patch-panels/,1,1,0,1,5,1,5,0,0
organic,/product-category/projection-screens/fixed-frame-screens/acoustic-transparent-screens/peregrine-a4k/,1,1,0,1,4,1,4,0,0
organic,/product-category/projection-screens/motorized-retractable-screens/power-max-series/,1,0,0,0,3,0,3,0,0
organic,/product-category/smart-home/logitech/accessories-logitech/,1,0,0,0,3,0,3,0,0
organic,/product-category/smart-home/solar-panel/,2,0,0,0,2.5,0,5,0,0
organic,/product-category/speakers/?filters=product_cat[955]|brand[1719],1,1,0,1,4,1,4,0,0
organic,/product-category/speakers/in-ceiling-speakers/,1,0,0,0,3,0,3,0,0
organic,/product-category/speakers/in-ceiling-speakers/page/5/?orderby=price,1,0,0,0,3,0,3,0,0
organic,/product-category/structured-wiring/,1,0,0,0,2,0,2,0,0
organic,/product-category/surveillance/?paged=4,1,1,14,1,9,1,9,0,0
organic,/product-category/surveillance/cameras/hd-avs/page/3/,1,0,0,0,3,0,3,0,0
organic,/product-category/surveillance/page/3/?orderby=price-desc,1,1,0,1,4,1,4,0,0
organic,/product-category/tools-and-hardware/toggle-bolts-and-anchors/page/6/,1,0,0,0,3,0,3,0,0
organic,/product-category/tools-and-hardware/wall-fish-tools/,1,0,0,0,3,0,3,0,0
organic,/product-category/wall-plates-and-boxes/,1,0,0,0,2,0,2,0,0
organic,/product/072-x-36-fine-wire-search-bit-10pk/,1,0,0,0,3,0,3,0,0
organic,/product/1-5m-hdmi-cable-hs-w-eth-gl-18g-dpl-cert/,3,0,0,0,2.333333333,0,7,0,0
organic,/product/1-gang-orange-non-metallic-low-voltage-backless-bracket/,1,0,0,0,3,0,3,0,0
organic,/product/1-gang-orange-non-metallic-low-voltage-backless-old-work-bracket/,1,0,0,0,3,0,3,0,0
organic,/product/1-gang-recessed-low-voltage-cable-plate-noser/,1,0,0,0,3,0,3,0,0
organic,/product/1-gang-rj11-phone-jack-with-wallplate/,1,0,0,0,3,0,3,0,0
organic,/product/13-feet-high-speed-hdmi-cable/,1,0,0,0,2,0,2,0,0
organic,/product/14-2-speaker-wire-500-box/,1,1,74,1,15,1,15,0,0
organic,/product/14-2ofc-hd-wt/,1,0,0,0,2,0,2,0,0
organic,/product/15m-velox-active-t-hdmi-cable-18g-dpl-cert/,1,0,0,0,3,0,3,0,0
organic,/product/16-2-speaker-wire-hd-pro-grade-500-box/,1,0,0,0,3,0,3,0,0
organic,/product/16-4ofc-hd-wt-indoor-outdoor/,1,0,0,0,3,0,3,0,0
organic,/product/1x2-hdmi-splitter-extender-w-pot-loop-out/,1,0,0,0,3,0,3,0,0
organic,/product/2-j-hook-w-90-deg-angle-clip/,1,1,0,1,6,1,6,0,0
organic,/product/2-j-hook-w-batwing/,1,0,0,0,3,0,3,0,0
organic,/product/2-way-1ghz-catv-splitter/,1,0,0,0,3,0,3,0,0
organic,/product/2gig-dw10-345/,1,0,0,0,3,0,3,0,0
organic,/product/2gig-edg-na-va/,1,0,0,0,3,0,3,0,0
organic,/product/2gig-edg-rk/,1,1,0,1,6,1,6,0,0
organic,/product/2gig-key2e-345/,1,0,0,0,3,0,3,0,0
organic,/product/3-5mm-male-to-female-mono-2-meters/,1,1,0,1,4,1,4,0,0
organic,/product/30-plastic-door-and-trim-kit-5-pack-2/,1,0,0,0,2,0,2,0,0
organic,/product/352-v2714-bl-cat6-jack/,1,0,0,0,3,0,3,0,0
organic,/product/352-v2721-wh-cat6-jack/,1,0,0,0,3,0,3,0,0
organic,/product/3ft-hdmi-cable-hs-w-eth-18g-35pk-shelf-box/,1,1,45,1,30,1,30,0,0
organic,/product/471104-wilson-weboost-connect-4g-x-cell-phone-booster-kit/,1,0,0,0,3,0,3,0,0
organic,/product/4k-hdr-installation-laser-projector-with-5000-lumens-lk952/,1,1,0,1,4,1,4,0,0
organic,/product/4mapper%C2%89a%C2%A2-coax-tester-t101/,1,0,0,0,3,0,3,0,0
organic,/product/5050-led-right-angle-adapter-10pk/,1,0,0,0,3,0,3,0,0
organic,/product/5506w-90-short-elbow-white-90-ctn/,1,0,0,0,3,0,3,0,0
organic,/product/5568w-dirt-devil-mounting-plate-w-plastic-flange-for-univ-valves/,1,1,0,1,4,1,4,0,0
organic,/product/5601w-rhf-90-long-elbw-vaculn-20-ctn/,1,1,0,1,4,1,4,0,0
organic,/product/5e04srbl/,3,0,0,0,2.333333333,0,7,0,0
organic,/product/6928w-2-pvc-tubing-8-lengths-ships-80-bundle-or-3200-skid-ft/,1,0,0,0,3,0,3,0,0
organic,/product/6eospgbk2/,1,0,0,0,3,0,3,0,0
organic,/product/7994-vacpan-installation-kit/,1,0,0,0,3,0,3,0,0
organic,/product/7996-gray-flex-hose-50/,1,0,0,0,3,0,3,0,0
organic,/product/7m-hdmi-cable-hs-w-eth-gl-18g-s7-dpl-cert/,1,0,0,0,3,0,3,0,0
organic,/product/8-port-rj-45-telecom-module/,1,0,0,0,3,0,3,0,0
organic,/product/8-way-telecom-module-idc-type-110-punchdown/,1,0,0,0,3,0,3,0,0
organic,/product/80206-15-spot-hose-chameleon-15-ft/,1,0,0,0,3,0,3,0,0
organic,/product/80280w-finish-kit-cham-valve-white/,1,1,0,1,5,1,5,0,0
organic,/product/80300-30-vroom-retract-vac-30-hose/,1,0,0,0,3,0,3,0,0
organic,/product/80315-60-hs-chameleon-rough-in-kit-hose-assy-w-sock-60-foot/,1,0,0,0,2,0,2,0,0
organic,/product/8325-univ-hs-prestige-pro-electric-kit-univ-hs/,1,0,0,0,3,0,3,0,0
organic,/product/8717-rhs-hp-dirt-devil-bare-floor-kit/,1,0,0,0,3,0,3,0,0
organic,/product/8860-cv2200-power-unit-single-motor-120v-5000-sq-ft/,1,1,0,1,5,1,5,0,0
organic,/product/8900-hs-bare-floor-e-class-kit-30-hose-with-hose-sock/,1,0,0,0,3,0,3,0,0
organic,/product/8m-hdmi-cable-hs-w-eth-gl-18g-s7-dpl-cert/,1,0,0,0,2,0,2,0,0
organic,/product/9895w-dirt-devil-electravalve-white/,1,0,0,0,3,0,3,0,0
organic,/product/9962-dirt-devil-flex-connect-installation-kit/,3,0,0,0,2.333333333,0,7,0,0
organic,/product/a-1-vssl/,1,1,0,1,4,1,4,0,0
organic,/product/a-bus-1-source-4-zones-audio-kit/,1,0,0,0,3,0,3,0,0
organic,/product/a-bus-single-source-distribution-module/,1,0,0,0,3,0,3,0,0
organic,/product/a1250/,1,0,0,0,3,0,3,0,0
organic,/product/aa100phd/,1,1,0,1,4,1,4,0,0
organic,/product/aa200phd-mixer-amplifier-200-watt/,1,0,0,0,3,0,3,0,0
organic,/product/adc-11804r-18-4-stranded-security-cable-1000-ft/,1,0,0,0,3,0,3,0,0
organic,/product/adc-11806rsd-500-18-6-stranded-shielded-cmr-500-ft-box/,1,0,0,0,3,0,3,0,0
organic,/product/adc-12202rsd-500-22-2c-str-cmr-shielded-500ft/,1,0,0,0,3,0,3,0,0
organic,/product/adc-12203rsd-500-22-3c-str-cmr-shielded-500-ft/,1,0,0,0,3,0,3,0,0
organic,/product/adc-12204rsd-22-4-stranded-shielded-pvc-1000-reel/,1,0,0,0,3,0,3,0,0
organic,/product/adc-12206rsd-22-6-shielded-gray-1000ft-reel/,1,1,0,1,4,1,4,0,0
organic,/product/adc-81602-16-awg-2c-riser-fire-alarm-cable/,1,0,0,0,3,0,3,0,0
organic,/product/adc-81806-18-6-fplr-security-cable-1000-ft-ul-adc/,1,0,0,0,3,0,3,0,0
organic,/product/adc-911602/,1,0,0,0,3,0,3,0,0
organic,/product/adc-911802sd-18-2c-str-cmp-shielded/,1,0,0,0,3,0,3,0,0
organic,/product/adc-912206sd-500-22-awg-6c-shielded-plenum-500-ft/,1,0,0,0,3,0,3,0,0
organic,/product/adc-981802-18-awg-2c-plenum-fire-alarm-cable-red-1000ft/,1,0,0,0,3,0,3,0,0
organic,/product/adc-ant-lte-d/,1,0,0,0,3,0,3,0,0
organic,/product/adc-ant-lte-p/,1,0,3,0,4,0,4,0,0
organic,/product/adc-bos-1123-nt/,1,0,0,0,3,0,3,0,0
organic,/product/adc-epb-bc2-1-ge/,1,0,0,0,3,0,3,0,0
organic,/product/adc-int-2ft-c/,3,0,0,0,2.333333333,0,7,0,0
organic,/product/adc-is-300-lp/,1,0,0,0,3,0,3,0,0
organic,/product/adc-sem210-vt-vz/,1,1,0,1,4,1,4,0,0
organic,/product/adc-v522-ir/,1,0,0,0,3,0,3,0,0
organic,/product/adc-vc825/,1,0,0,0,3,0,3,0,0
organic,/product/adc-vdb102/,1,1,0,1,4,1,4,0,0
organic,/product/adc-w110/,1,0,0,0,3,0,3,0,0
organic,/product/al11509c-11-inch-natural-plenum-rated-cable-ties/,1,0,0,0,3,0,3,0,0
organic,/product/alligator-all-purpose-anchors-13104/,1,0,0,0,3,0,3,0,0
organic,/product/alligator-all-purpose-anchors-13105/,1,0,0,0,3,0,3,0,0
organic,/product/ap-5-sleeve-black-for-ipad-air/,1,0,0,0,3,0,3,0,0
organic,/product/apollo-awm407-859776005111/,1,1,0,1,4,1,4,0,0
organic,/product/apollo-dc5046-859776005081/,1,0,0,0,3,0,3,0,0
organic,/product/are100hw2-e24/,1,0,0,0,3,0,3,0,0
organic,/product/arlington-lvn1-nail-on-low-voltage-mounting-bracket/,1,1,0,1,6,1,6,0,0
organic,/product/arlington-recessed-double-gang-tv-box-with-angled-openings/,1,0,0,0,3,0,3,0,0
organic,/product/arlington-reversible-cable-entrance-hood-for-decora-style-plates/,1,0,0,0,3,0,3,0,0
organic,/product/arlington-single-gang-recessed-electrical-box/,1,0,0,0,3,0,3,0,0
organic,/product/as-cm3260-ceiling-mount/,1,1,3,1,5,1,5,0,0
organic,/product/atrium-garden-system/,1,0,0,0,3,0,3,0,0
organic,/product/avr-4m216-4tb/,1,0,0,0,3,0,3,0,0
organic,/product/avr-series-550va-ultra-compact-line-interactive-120v-ups-with-usb-port/,1,0,0,0,2,0,2,0,0
organic,/product/ax-mini4/,1,0,0,0,3,0,3,0,0
organic,/product/ax-r1d/,1,0,0,0,3,0,3,0,0
organic,/product/basic-temp-controller-on-off-only-tc-bsc-80/,1,0,0,0,3,0,3,0,0
organic,/product/bcs65fl-r70vt-pair-2/,1,0,0,0,3,0,3,0,0
organic,/product/benq-lh770-corporate-laser-projector-with-5000lm/,1,0,0,0,3,0,3,0,0
organic,/product/blank-wall-plate-white-midi-size/,1,0,0,0,3,0,3,0,0
organic,/product/bm1wmww1-wall-mount-for-sonos-beam-white/,1,0,0,0,3,0,3,0,0
organic,/product/bp9060-tower/,1,0,0,0,3,0,3,0,0
organic,/product/bullet-gray-uni-mount-varifocal-4in1-1080p/,1,0,0,0,3,0,3,0,0
organic,/product/c6-c6-st-bracket/,1,0,0,0,3,0,3,0,0
organic,/product/c6-ht-bracket/,1,0,0,0,3,0,3,0,0
organic,/product/c8-c8-aw-bracket/,1,0,0,0,3,0,3,0,0
organic,/product/cable-dolly-wire-cart/,1,0,0,0,3,0,3,0,0
organic,/product/cable-tray-kit-48-of-rods-wisp-head-in-carry-case/,1,0,0,0,3,0,3,0,0
organic,/product/cat5e-24-port-patch-panel-npp-5024/,1,0,0,0,3,0,3,0,0
organic,/product/cat5e-350mhz-ul-etl-listed-1000-feet-blue/,1,1,25,1,12,1,12,0,0
organic,/product/cat5e-350mhz-ul-etl-listed-1000-feet-orange/,2,1,0,1,3,0.5,6,0,0
organic,/product/cat5e-350mhz-ul-etl-listed-1000-feet-white/,1,0,0,0,3,0,3,0,0
organic,/product/cat5e-db/,1,0,0,0,3,0,3,0,0
organic,/product/cctv-siamese-rg-59-and-18-2-power/,1,0,0,0,3,0,3,0,0
organic,/product/circle-2-accessory-rechargeable-battery/,1,0,0,0,3,0,3,0,0
organic,/product/circle-2-accessory-window-mount/,1,0,0,0,3,0,3,0,0
organic,/product/coax-clarifier-tca004/,1,0,0,0,3,0,3,0,0
organic,/product/cod601stt-b-vanguard-6-1-2-stereo-in-one-outdoor-weatherproof-speaker-in-black/,1,0,0,0,3,0,3,0,0
organic,/product/connect-3g-directional/,1,0,0,0,3,0,3,0,0
organic,/product/connect-rv-65/,1,0,0,0,3,0,3,0,0
organic,/product/cp-cc-4fn-component-cooling-system/,1,0,0,0,3,0,3,0,0
organic,/product/cp-cc-fl-component-cooling-system/,1,0,0,0,3,0,3,0,0
organic,/product/cp400-power-amp/,1,0,0,0,3,0,3,0,0
organic,/product/crimson-a34-articulating-mount-for-13-to-34-flat-panel-screens-black/,1,0,0,0,3,0,3,0,0
organic,/product/crimson-t55a-universal-tilting-wall-mount-with-post-installation-leveling-for-32-to-55-flat-panel-screens/,1,0,0,0,3,0,3,0,0
organic,/product/crown-cdi-1000/,1,1,0,1,10,1,10,0,0
organic,/product/cs-n375/,1,0,0,0,3,0,3,0,0
organic,/product/cs654dbfl/,1,0,0,0,3,0,3,0,0
organic,/product/cse-200/,1,1,0,1,5,1,5,0,0
organic,/product/csw-100/,1,0,0,0,3,0,3,0,0
organic,/product/current-audio-ax-kpd/,1,0,0,0,3,0,3,0,0
organic,/product/curve235-250a4k/,1,1,0,1,6,1,6,0,0
organic,/product/cync-smart-bulb-full-color-par38-flood-case-4x2pk/,1,0,0,0,3,0,3,0,0
organic,/product/cync-wire-free-smart-motion-sensor-case-3x1pk/,1,0,0,0,3,0,3,0,0
organic,/product/da12050-vanguard-multi-channel-amplifier-12-channels-x-50-watts/,1,0,0,0,3,0,3,0,0
organic,/product/dcd-1600ne/,1,0,0,0,3,0,3,0,0
organic,/product/di-6-5lcr/,1,0,0,0,3,0,3,0,0
organic,/product/diacora-keystone-insert-plate-4-port/,1,1,0,1,11,1,11,0,0
organic,/product/dm-dos-down-and-out-swivel/,1,0,0,0,2,0,2,0,0
organic,/product/double-outlet-power-relocation-kit/,1,0,0,0,3,0,3,0,0
organic,/product/down-and-out-recess/,2,1,0,1,4,0.5,8,0,0
organic,/product/dpa804-multi-channel-amp/,1,0,0,0,3,0,3,0,0
organic,/product/drive-3g-m/,1,0,0,0,3,0,3,0,0
organic,/product/dst-800/,1,0,0,0,3,0,3,0,0
organic,/product/dsw-pro-500-grille/,1,0,0,0,3,0,3,0,0
organic,/product/dynamo-400/,1,1,0,1,5,1,5,0,0
organic,/product/dynamo-800x/,1,1,0,1,4,1,4,0,0
organic,/product/edid-all-in-one-repair-device/,1,0,0,0,3,0,3,0,0
organic,/product/ef110h-pst/,1,0,0,0,3,0,3,0,0
organic,/product/efx/,1,1,0,1,3,1,3,0,0
organic,/product/electromotion-esl-x-gloss-black/,1,0,0,0,3,0,3,0,0
organic,/product/electromotion-r/,1,0,0,0,3,0,3,0,0
organic,/product/emx100uwh2/,1,1,0,1,4,1,4,0,0
organic,/product/en5t-vanguard-dynamics-8-ohm-70v-indoor-outdoor-satellite-speaker/,1,0,0,0,3,0,3,0,0
organic,/product/en6t-vanguard-pendant-landscape-or-surface-mount-6-5-speaker-8ohm-or-70-100v-b/,1,0,0,0,3,0,3,0,0
organic,/product/essex-blank-panels-1-ru-2-pack/,1,0,0,0,3,0,3,0,0
organic,/product/essex-rackmount-power-9-outlet/,1,0,0,0,3,0,3,0,0
organic,/product/essex-thermostatic-fan-control/,1,0,0,0,3,0,3,0,0
organic,/product/essex-vent-panels-1-ru-2-pack/,1,0,0,0,3,0,3,0,0
organic,/product/evex4k70/,1,0,0,0,2,0,2,0,0
organic,/product/evmx4k42/,1,0,0,0,3,0,3,0,0
organic,/product/evolution-custom-hdmia%C2%A8-poe-extender-over-cat5e-cat6-cable,1,0,0,0,3,0,3,0,0
organic,/product/evolution-custom-hdmia%C2%A8-poe-extender-over-cat5e-cat6-cable/,1,0,0,0,3,0,3,0,0
organic,/product/evolution-hdbaset%C2%89a%C2%A2-4in4-matrix-selector-switch-230ft-70m/,1,0,0,0,3,0,3,0,0
organic,/product/evolution-hdbaset%C2%89a%C2%A2-extender/,1,0,0,0,3,0,3,0,0
organic,/product/evolution-hdbaset%c2%89a%c2%a2-16in16-matrix-selector-switch/,1,0,0,0,3,0,3,0,0
organic,/product/evolution-hdmia%C2%A8-over-single-cat5e-cat6-cable-wall-plate-extender-with-poe/,1,0,3,0,4,0,4,0,0
organic,/product/evolution-hdmia%C2%A8-over-single-coax-extender/,1,0,0,0,3,0,3,0,0
organic,/product/evolution-premium-4k-hdmia%C2%A8-1in2-splitter/,1,0,0,0,3,0,3,0,0
organic,/product/fino-fsa64-articulating-mount-30-to-60/,1,0,0,0,3,0,3,0,0
organic,/product/fire-caulk-fire-seal-136-10-3-oz-caulk-tube/,1,1,0,1,4,1,4,0,0
organic,/product/flex-fish-flexible-fish/,1,0,0,0,3,0,3,0,0
organic,/product/floodlight-cam-white/,1,0,0,0,3,0,3,0,0
organic,/product/fr1200-id/,1,0,0,0,3,0,3,0,0
organic,/product/front-door-intercom-ad-iu-series/,1,0,0,0,3,0,3,0,0
organic,/product/full-motion-700x500-vesa-150-lbs/,1,0,0,0,3,0,3,0,0
organic,/product/furrion-55-smart-outdoor-tv-full-sun-1000-nits/,2,0,0,0,2.5,0,5,0,0
organic,/product/furrion-65-smart-outdoor-tv-full-sun-1000-nits-2-year-limited-warranty/,1,1,0,1,8,1,8,0,0
organic,/product/g-st-grille/,1,0,0,0,3,0,3,0,0
organic,/product/hd2%E2%80%90td20a/,1,0,0,0,3,0,3,0,0
organic,/product/hdbaset-2-0-hdmi-extender-70m,1,0,0,0,3,0,3,0,0
organic,/product/hdmi-af-to-hdmim-rt-angle-adpt/,1,0,0,0,3,0,3,0,0
organic,/product/heos1-go-pack/,1,0,0,0,3,0,3,0,0
organic,/product/hid-prox-card-thin/,1,0,0,0,3,0,3,0,0
organic,/product/hrs12/,2,2,48,2,7.5,1,15,0,0
organic,/product/hs302192-rf-handle-only/,1,0,0,0,3,0,3,0,0
organic,/product/ic3-aw/,1,0,0,0,3,0,3,0,0
organic,/product/ic8-b/,1,0,0,0,3,0,3,0,0
organic,/product/icr-300h4/,1,0,0,0,3,0,3,0,0
organic,/product/ih-s1030/,1,0,0,0,3,0,3,0,0
organic,/product/ipb%E2%80%9094a-3mp-2-8mm/,1,0,0,0,3,0,3,0,0
organic,/product/ipd%E2%80%9092a-3mp-motorized-varifocal/,1,0,0,0,3,0,3,0,0
organic,/product/iport-charge-case-and-stand-for-ipad-air/,1,0,0,0,3,0,3,0,0
organic,/product/ir-bar-receiver-us/,1,0,0,0,3,0,3,0,0
organic,/product/ir-hub-6-vanguard-ir-hub-6-connecting-block-1-ir-receiver-4-x-single-emitters/,1,0,0,0,3,0,3,0,0
organic,/product/iw6/,1,0,0,0,3,0,3,0,0
organic,/product/jhk-12-bw2/,2,0,0,0,2.5,0,5,0,0
organic,/product/jhk-64-bw2/,1,0,0,0,2,0,2,0,0
organic,/product/kd-4x4csa/,1,0,0,0,3,0,3,0,0
organic,/product/kd-hdfix22/,1,0,0,0,3,0,3,0,0
organic,/product/kd-mlv4x4pro/,1,0,0,0,3,0,3,0,0
organic,/product/kd-x422wp/,1,0,0,0,3,0,3,0,0
organic,/product/keystone-ins-cat6-shld-sl-5pk/,1,1,118,1,22,1,22,0,0
organic,/product/large-venue-laser-projector-with-10000lm-wuxga-lu9915/,2,0,0,0,2.5,0,5,0,0
organic,/product/launchport-ap-3-sleeve-white/,1,0,0,0,3,0,3,0,0
organic,/product/launchport-ap3-sleeve-black/,1,0,0,0,3,0,3,0,0
organic,/product/lb-2a-4pk-l-shape2-inchoffset-lace4pk/,1,0,0,0,3,0,3,0,0
organic,/product/led-dimmer-with-ir-control/,1,1,21,1,21,1,21,0,0
organic,/product/lk970-installation-laser-projector-with-5000lm/,1,0,0,0,3,0,3,0,0
organic,/product/lp-wallstation-black/,1,1,0,1,4,1,4,0,0
organic,/product/lutron-grafik-t-companion-dimmer-for-radiora-2/,1,0,0,0,3,0,3,0,0
organic,/product/lutron-hvac-temperature-control-package-with-celsius-seetemp-white/,1,0,0,0,3,0,3,0,0
organic,/product/lutron-l-ped3-bl-pico-triple-tabletop-pedestal-white/,1,0,0,0,3,0,3,0,0
organic,/product/lutron-ra2-4s-wall-keypad/,1,0,0,0,3,0,3,0,0
organic,/product/lutron-ra2-5brlir-wall-keypad/,1,1,0,1,6,1,6,0,0
organic,/product/lutron-ra2-8amp-neutral-switch/,1,0,0,0,3,0,3,0,0
organic,/product/lutron-ra2-cl-2-zone-wall-dimmer-simple-setup-package-white/,1,0,0,0,3,0,3,0,0
organic,/product/lutron-ra2-hybrid-5brl-wall-keypad/,1,0,0,0,3,0,3,0,0
organic,/product/lutron-ra2-maestro-c-l-dimmer/,1,0,0,0,3,0,3,0,0
organic,/product/lutron-ra2-main-repeater-white/,1,0,0,0,3,0,3,0,0
organic,/product/lutron-ra2-seetemp-control-celsius/,1,0,0,0,3,0,3,0,0
organic,/product/m3b-1080p-coax-rf-rx-pro/,1,0,0,0,3,0,3,0,0
organic,/product/m3b-1080p-coax-rf-rx/,1,1,0,1,4,1,4,0,0
organic,/product/mb700-id/,1,0,0,0,3,0,3,0,0
organic,/product/mc80/,1,0,0,0,3,0,3,0,0
organic,/product/mezz-8-surr-pcb/,1,0,0,0,3,0,3,0,0
organic,/product/mifare-card/,1,1,0,1,4,1,4,0,0
organic,/product/mk-10-epic-mesh-kit/,1,0,0,0,3,0,3,0,0
organic,/product/ml-45aw-white/,1,1,0,1,12,1,12,0,0
organic,/product/ml-75aw-black/,1,0,0,0,2,0,2,0,0
organic,/product/ml-75aw-white/,1,0,0,0,3,0,3,0,0
organic,/product/motion-35xti-matte-white/,1,0,0,0,3,0,3,0,0
organic,/product/motion-5-1-home-theater-speaker-system/,1,0,0,0,3,0,3,0,0
organic,/product/motion-50xti/,1,0,0,0,3,0,3,0,0
organic,/product/motion-60xti-matte-white/,1,1,0,1,4,1,4,0,0
organic,/product/motion-60xti-red-walnut/,1,1,0,1,4,1,4,0,0
organic,/product/motion-slm-x3/,1,0,0,0,2,0,2,0,0
organic,/product/mrs-4-r-00/,1,0,0,0,3,0,3,0,0
organic,/product/ms-c8172-fipa/,1,0,0,0,3,0,3,0,0
organic,/product/ms-c8267-x5pa/,1,0,0,0,3,0,3,0,0
organic,/product/ms-c9674-pa/,1,0,0,0,3,0,3,0,0
organic,/product/ms-n7048-uph/,1,0,0,0,3,0,3,0,0
organic,/product/nfc-42-tdg-audio-4-no-flange-ceiling-with-aluminum-trueform-woofer/,1,1,0,1,5,1,5,0,0
organic,/product/nfc-61stt-6-5-in-ceiling-stereo-speaker/,1,0,0,0,3,0,3,0,0
organic,/product/nfc-81-8%E2%80%B3-in-ceiling-speaker/,1,0,0,0,3,0,3,0,0
organic,/product/nfc-82m-tdg-audio-8-no-flange-ceiling-2-way-marine-ip-66-rated/,1,0,0,0,3,0,3,0,0
organic,/product/nflcr51-nflcr-51-dual-5-in-wall-lcr-speaker/,1,0,0,0,3,0,3,0,0
organic,/product/nv-ap26ow-pair/,1,0,0,0,3,0,3,0,0
organic,/product/nv-p400-na-streaming-speaker/,1,0,0,0,3,0,3,0,0
organic,/product/nv-p500-na-streaming-sound-bar/,1,0,0,0,3,0,3,0,0
organic,/product/nvp10wh/,1,0,0,0,3,0,3,0,0
organic,/product/oneslus1blk-sonos-one-sl-black/,1,0,0,0,3,0,3,0,0
organic,/product/or6g/,1,0,0,0,3,0,3,0,0
organic,/product/outdoor-living-sat-40/,1,1,0,1,5,1,5,0,0
organic,/product/outdrww1-sonos-architectural-outdoor-speaker-pair/,1,0,0,0,3,0,3,0,0
organic,/product/p-bdg-pkg1w/,1,1,242,1,13,1,13,0,0
organic,/product/p-bdgpro-pkg1w/,1,0,0,0,2,0,2,0,0
organic,/product/p-lcrdm-mk2/,2,0,0,0,2.5,0,5,0,0
organic,/product/pa2x150/,1,1,0,1,6,1,6,0,0
organic,/product/pa2x25/,1,1,0,1,4,1,4,0,0
organic,/product/panther%E2%80%9008e%E2%80%90tri/,1,0,0,0,3,0,3,0,0
organic,/product/panther%E2%80%9008hp%E2%80%90tri/,1,0,0,0,3,0,3,0,0
organic,/product/panther%E2%80%9032%E2%80%90tri/,1,1,0,1,5,1,5,0,0
organic,/product/pantherview08%E2%80%90720%E2%80%904d4b%E2%80%90kit/,2,0,0,0,2.5,0,5,0,0
organic,/product/pas42603/,1,1,0,1,5,1,5,0,0
organic,/product/pas42830/,1,0,0,0,3,0,3,0,0
organic,/product/pb-lc265i/,1,0,0,0,3,0,3,0,0
organic,/product/pcbc-8-vanguard-pre-construction-brackets-for-8-in-ceiling-speakers-5-pack,1,0,0,0,3,0,3,0,0
organic,/product/pcbw-6-vanguard-pre-construction-brackets-for-6-%c2%bd-in-wall-speakers-5-pack/,1,0,0,0,2,0,2,0,0
organic,/product/pd-10nxd-iv/,1,0,0,0,3,0,3,0,0
organic,/product/pd-5ws-dv-wh/,1,1,0,1,5,1,5,0,0
organic,/product/peregrine-a4k-2/,1,0,0,0,3,0,3,0,0
organic,/product/peregrine-a4k/,2,0,0,0,2.5,0,5,0,0
organic,/product/peregrine-isf-efinity/,1,0,0,0,3,0,3,0,0
organic,/product/periscape-6/,1,1,0,1,8,1,8,0,0
organic,/product/pesv-8w/,1,0,0,0,3,0,3,0,0
organic,/product/phoenixview04b%e2%80%9004ip94/,1,0,0,0,3,0,3,0,0
organic,/product/pj2-3brl-gwh-a02/,1,0,0,0,2,0,2,0,0
organic,/product/pmt135uh-pst-e6/,2,0,0,0,2.5,0,5,0,0
organic,/product/polar-star-series-ambient-light-rejecting/,1,0,0,0,3,0,3,0,0
organic,/product/powerg-wireless-carbon-monoxide-co-detector-pg9933/,1,0,0,0,3,0,3,0,0
organic,/product/powerg-wireless-commercial-magnetic-contact-with-auxiliary-input-pg9309/,1,1,0,1,8,1,8,0,0
organic,/product/powerg-wireless-door-window-vanishing-magnetic-contact-pg9303/,1,0,0,0,3,0,3,0,0
organic,/product/powerg-wireless-flood-detector-pg9985/,1,0,0,0,3,0,3,0,0
organic,/product/powermax-pro-2/,1,1,0,1,4,1,4,0,0
organic,/product/pro-ire-1/,1,0,0,0,3,0,3,0,0
organic,/product/procell-pc2032-lithium-coin-2032/,1,1,26,1,12,1,12,0,0
organic,/product/professional-audio-video-isobar-power-conditioning-center/,1,0,0,0,3,0,3,0,0
organic,/product/promounts-sftl-ultra-slim-tilt-mount-large/,1,1,0,1,5,1,5,0,0
organic,/product/prosub-1000/,1,0,0,0,3,0,3,0,0
organic,/product/psc120ht2-e12/,1,0,0,0,3,0,3,0,0
organic,/product/qar-series-rack-21-ru-20d/,1,0,0,0,3,0,3,0,0
organic,/product/qar-series-rack-27-ru-24d/,1,0,0,0,3,0,3,0,0
organic,/product/qr0020-840/,1,0,0,0,3,0,3,0,0
organic,/product/qs-1311-p01/,1,0,0,0,3,0,3,0,0
organic,/product/qs1135-840/,1,0,0,0,3,0,3,0,0
organic,/product/qs7134-840/,2,0,0,0,2.5,0,5,0,0
organic,/product/quest-12-port-cat-5e-mini-patch-panel/,1,0,0,0,3,0,3,0,0
organic,/product/quest-fe7419-45-02-server-rack-cabinet/,1,0,0,0,3,0,3,0,0
organic,/product/quest-manufacturing-19-inch-horizontal-cable-manager-single-sided-duct-50-cable-capacity-1-inchw-x-3-inchd-1u-black-hf19-01-050/,1,0,0,0,3,0,3,0,0
organic,/product/quest-manufacturing-19-inch-horizontal-cable-manager-single-sided-rings-50-cable-capacity-2-inchw-x-4-inchd-1u-black-hc19-01-050/,1,0,0,0,3,0,3,0,0
organic,/product/quest-manufacturing-23-inch-2-post-fixed-wall-mount-rack-21-inch-x-12-inch-13u-black-wr1922-13-02/,1,0,0,0,3,0,3,0,0
organic,/product/quest-manufacturing-4-inch-boxer-fan-110vac-60cfm-black-f04-6000/,1,0,0,0,3,0,3,0,0
organic,/product/quest-manufacturing-6ft-vertical-pdu-power-strip-with-amp-meter-30120vac-20a-outlets-15ft-power-cord-black-vps-3006m/,2,0,0,0,2.5,0,5,0,0
organic,/product/quest-manufacturing-adjustable-stabilizer-kit-for-2-post-racks-21-inch-30-inch-black-1-pair-rs-01-26/,1,0,0,0,3,0,3,0,0
organic,/product/quest-manufacturing-d-ring-cable-manager-small-flexible-nylon-25-cable-capacity-2-inchw-x-3-inchd-1u-black-10-pack-vd-00-025/,1,0,0,0,3,0,3,0,0
organic,/product/quest-manufacturing-fixed-2-piece-dual-sided-non-vented-shelf-19-inchw-x-25-inchd-2u-black-es0919-0225/,1,0,0,0,3,0,3,0,0
organic,/product/quest-manufacturing-fixed-single-sided-vented-shelf-19-inchw-x-15-inchd-3u-black-es0219-0315/,1,0,0,0,3,0,3,0,0
organic,/product/quest-manufacturing-fixed-single-sided-vented-shelf-19w-inch-x-12d-inch-2u-black-es0219-0212/,1,0,0,0,3,0,3,0,0
organic,/product/quest-manufacturing-lightweight-slide-out-vented-shelf-19-inchw-x-14-inchd-1u-black-es0419-0114/,1,0,0,0,3,0,3,0,0
organic,/product/quest-manufacturing-single-sided-heavy-duty-slide-out-vented-shelf-19-inchw-x-26-inchd-1u-black-es0119-0123/,1,0,0,0,3,0,3,0,0
organic,/product/r-150t-350-box-1-50-riser-conduit/,2,0,0,0,2.5,0,5,0,0
organic,/product/range-extend-antenna-for-wireless-nvr/,1,0,0,0,3,0,3,0,0
organic,/product/rb-yrd540-wv-0bp/,1,0,0,0,3,0,3,0,0
organic,/product/rcs-series-rcs-1824/,1,0,0,0,3,0,3,0,0
organic,/product/rcs-series-rcs-2724/,1,0,0,0,3,0,3,0,0
organic,/product/rcs-series-rcs-3524/,1,0,0,0,3,0,3,0,0
organic,/product/rcs-series-rcs-4224/,1,0,0,0,3,0,3,0,0
organic,/product/recessed-lo-volt-cbl-plate-rec/,1,0,0,0,3,0,3,0,0
organic,/product/rg6-f-compression-connector-50-pack/,1,0,0,0,3,0,3,0,0
organic,/product/ring-doorbell-v2/,1,0,0,0,3,0,3,0,0
organic,/product/ring-panic-button/,1,0,0,0,3,0,3,0,0
organic,/product/ring-smoke-co-listener-2-pack/,1,0,0,0,3,0,3,0,0
organic,/product/rmr1713/,1,1,0,1,5,1,5,0,0
organic,/product/rmr3313/,1,0,0,0,3,0,3,0,0
organic,/product/roam1us1blk/,1,0,0,0,3,0,3,0,0
organic,/product/rocquette-s-t/,1,1,0,1,4,1,4,0,0
organic,/product/roku-streaming-stick/,1,0,0,0,2,0,2,0,0
organic,/product/roku-ultra/,1,0,0,0,3,0,3,0,0
organic,/product/rough-in-bracket/,1,0,0,0,3,0,3,0,0
organic,/product/rr-sel-rep2-bl/,1,1,2,1,4,1,4,0,0
organic,/product/rrst-8ans-wh-radiora3-sunnata-rf-switch-white/,1,0,0,0,3,0,3,0,0
organic,/product/rvc100-vanguard-rotary-auto-former-100-watt-volume-control/,1,0,0,0,3,0,3,0,0
organic,/product/rvd-corner-kit-white/,1,0,0,0,3,0,3,0,0
organic,/product/rvd2-solar-charger/,1,0,0,0,3,0,3,0,0
organic,/product/se-accoustic-a4k/,1,0,0,0,3,0,3,0,0
organic,/product/seura-ultra-bright-55-inch-weatherproof-4k-ultra-hd-outdoor-tv/,2,0,0,0,3.5,0,7,0,0
organic,/product/simply45-strip-bl/,1,0,0,0,3,0,3,0,0
organic,/product/skybar-lcr-tdg-audio-skybar-in-ceiling-wall-lcr-soundbar-3-or-1-channel/,2,0,0,0,2.5,0,5,0,0
organic,/product/slim-5-series-rack-37-ru-20d-configured/,2,0,0,0,2.5,0,5,0,0
organic,/product/sm82-ez-wh/,2,1,10.5,1,3.5,0.5,7,0,0
organic,/product/snaptoggle-304-stainless-steel-toggle-bolts-21022/,1,0,0,0,3,0,3,0,0
organic,/product/snaptoggle-zinc-plated-steel-toggle-bolts-rohs-compliant-21017/,1,0,0,0,3,0,3,0,0
organic,/product/sonos-era-100/,1,0,0,0,2,0,2,0,0
organic,/product/speaker-snap-ssbp2/,1,1,286,1,34,1,34,0,0
organic,/product/spot-for-dot/,1,0,0,0,3,0,3,0,0
organic,/product/spotlight-cam-battery-black/,2,0,0,0,2.5,0,5,0,0
organic,/product/spotlight-cam-mount-black/,1,0,0,0,3,0,3,0,0
organic,/product/spotlight-cam-mount-white/,1,1,0,1,5,1,5,0,0
organic,/product/sub-10-vanguard-10-floor-standing-subwoofer/,1,0,0,0,3,0,3,0,0
organic,/product/supercube-2000/,1,0,0,0,3,0,3,0,0
organic,/product/surface-80/,1,1,0,1,5,1,5,0,0
organic,/product/tf-ws64-70/,1,0,0,0,3,0,3,0,0
organic,/product/the-peregrine-hd-fixed-frame-screen/,1,0,0,0,3,0,3,0,0
organic,/product/tic651-2/,1,0,0,0,3,0,3,0,0
organic,/product/toggler-plastic-toggle-anchors-11009/,1,0,0,0,3,0,3,0,0
organic,/product/toggler-plastic-toggle-anchors-11011/,1,0,0,0,3,0,3,0,0
organic,/product/toggler-plastic-toggle-anchors-11021/,1,0,0,0,3,0,3,0,0
organic,/product/toggler-plastic-toggle-anchors-50275/,1,0,0,0,3,0,3,0,0
organic,/product/toggler-plastic-toggle-anchors-50325/,1,1,0,1,7,1,7,0,0
organic,/product/ubiquiti-airrouter-hp/,1,0,0,0,3,0,3,0,0
organic,/product/ufo-hd-35p-fiber-hdmi/,1,1,0,1,4,1,4,0,0
organic,/product/ust-dlp-0-251-throw-4000-ansi/,1,1,0,1,5,1,5,0,0
organic,/product/ut-pro210-medium-tilt-tv-wall-mount/,1,0,0,0,3,0,3,0,0
organic,/product/v20a18/,1,1,0,1,4,1,4,0,0
organic,/product/vailamp3-vanguard-in-wall-recessed-low-voltage-smart-amp-for-gen-3-alexa-dot-in/,1,0,0,0,3,0,3,0,0
organic,/product/vanquish/,1,0,0,0,3,0,3,0,0
organic,/product/vbs-hdmi-428a/,1,0,0,0,3,0,3,0,0
organic,/product/vbs-hdmi-718avp/,1,0,0,0,3,0,3,0,0
organic,/product/vbs-hdmi-ird/,1,0,0,0,3,0,3,0,0
organic,/product/vbs-hdmi-rs1u/,1,0,0,0,3,0,3,0,0
organic,/product/vcri/,1,0,0,0,3,0,3,0,0
organic,/product/vdlt16-b1/,1,0,0,0,3,0,3,0,0
organic,/product/velcro-wrap-black-8-50pk/,1,1,3,1,8,1,8,0,0
organic,/product/vextra-cat5e-cable-plenum-blue-1000-box/,1,0,0,0,3,0,3,0,0
organic,/product/vlf613-b/,2,0,0,0,2.5,0,5,0,0
organic,/product/vlt5-b1/,1,0,0,0,3,0,3,0,0
organic,/product/vs-hfs/,2,2,2.5,2,9,1,18,0,0
organic,/product/vw4600g2/,1,0,0,0,3,0,3,0,0
organic,/product/w5-lcr-iw5-lcr-bracket/,1,0,0,0,3,0,3,0,0
organic,/product/wbr4t200sdl-2-bridle-ring-w-saddle/,1,0,0,0,3,0,3,0,0
organic,/product/wilson-mobilepro-3g-signal-booster-kit-refurbished-460113r/,1,0,0,0,3,0,3,0,0
organic,/product/wjh12w-3-4-j-hook-w-batwing/,1,0,0,0,3,0,3,0,0
organic,/product/wjh64acpa-data-j-hook-with-angle-clip-and-nail/,1,1,0,1,7,1,7,0,0
organic,/product/wpd-risrl-volume-control-selector/,1,0,0,0,3,0,3,0,0
organic,/product/ws650fl/,1,0,0,0,3,0,3,0,0
organic,/product/ws801fl/,1,0,0,0,3,0,3,0,0
organic,/product/wsiwpsb1-w1/,1,0,0,0,3,0,3,0,0
organic,/product/wslcr650fl/,1,1,28,1,9,1,9,0,0
organic,/product/wssmm1-b2/,1,0,0,0,3,0,3,0,0
organic,/product/wswm22-w1/,1,1,0,1,4,1,4,0,0
organic,/product/xap-1440/,1,0,0,0,3,0,3,0,0
organic,/product/xrm-dtz1/,1,1,0,1,10,1,10,0,0
organic,/product/xsa-sfp10gsm/,1,0,0,0,3,0,3,0,0
organic,/product/xt-510-us-vz/,1,0,0,0,3,0,3,0,0
organic,/product/xwo-bap1/,2,0,0,0,2.5,0,5,0,0
organic,/product/xwr-3150/,1,0,0,0,2,0,2,0,0
organic,/product/yrd446zw2-obp/,1,0,0,0,3,0,3,0,0
organic,/product/yrl226-zw2-619/,1,1,0,1,4,1,4,0,0
organic,/shipping-returns/,1,1,29,1,7,1,7,0,0
organic,/shop-by-brand,1,0,0,0,3,0,3,0,0
organic,/shop-by-group/,1,0,0,0,2,0,2,0,0
organic,/upcoming-sonos-webinars/,1,0,0,0,3,0,3,0,0
organic,/wishlist/,1,0,0,0,3,0,3,0,0
organic,/?filters=brand[1734],1,0,0,0,2,0,2,0,0
organic,/?s=%236+ring+terminals&post_type=product&dgwt_wcas=1,2,0,0,0,2,0,4,0,0
organic,/?s=16%2F4&post_type=product&dgwt_wcas=1,4,0,0,0,2,0,8,0,0
organic,/?s=UC-pro310&post_type=product&dgwt_wcas=1,2,0,0,0,2,0,4,0,0
organic,/?s=cat5e&post_type=product&dgwt_wcas=1,1,0,0,0,2,0,2,0,0
organic,/?s=chameleon&post_type=product&dgwt_wcas=1&filters=product_cat[1908],1,0,0,0,2,0,2,0,0
organic,/?s=denon+soundbar&post_type=product&dgwt_wcas=1,1,0,0,0,2,0,2,0,0
organic,/?s=screens&post_type=product&dgwt_wcas=1&filters=product_cat[161],1,0,0,0,2,0,2,0,0
organic,/brand/key-digital/,1,0,0,0,2,0,2,0,0
organic,/brand/middle-atlantic/page/11/,1,0,0,0,2,0,2,0,0
organic,/brand/sonos/page/4/,1,0,0,0,2,0,2,0,0
organic,/brand/zkaccess/,1,0,0,0,2,0,2,0,0
organic,/product/10-outlet-ultimate-protection-isobar-audio-video-surge-suppressor/,3,0,0,0,2,0,6,0,0
organic,/product/ef100h-pst/,1,0,0,0,2,0,2,0,0
organic,/product/hdmi-wireless-extender-w-ir-50m/,1,0,0,0,2,0,2,0,0
organic,/product/motion-35xti/,1,0,0,0,2,0,2,0,0
organic,/product/oc65b/,1,0,0,0,2,0,2,0,0
organic,/product/polar-star-efinity/,1,0,0,0,2,0,2,0,0
organic,/product/rrst-rs-wh-radiora3-sunnata-rf-companion-switch-white/,1,0,0,0,2,0,2,0,0
organic,/product/truaudio-as-360/,1,0,0,0,2,0,2,0,0
