NOT FOUND;;
Category,Image Name,Image Location;;
We have an extensive line of parts Please call for Information,We have an extensive line of parts Please call for Information_s,\\ap01\B2B\Customer\acarha\images\subcat\We have an extensive line of parts Please call for Information_s.jpg;;
;;
REPEATED;;
ND80PD Storeroom;3;
ND170 Single Dummy Trim;3;
ND40S Privacy;3;
ND10S Passage;3;
ND50PD Office;3;
ND53PD Entry;3;
ND70PD Classroom;3;
AL80PD Storeroom;3;
AL170 Single Dummy Trim;2;
AL40S Privacy;3;
AL10S Passage;3;
AL53PD Entry;3;
AL70PD Classroom;3;
11G04 Storeroom;2;
11U65 Privacy;2;
11U15 Passage;2;
11G05 Entry;3;
11G37 Classroom;2;
10G04 Storeroom;3;
10U93 Single Dummy Trim;2;
10U65 Privacy;3;
10U94 Double Dummy Trim;3;
10U15 Passage;4;
10G05 Entry;4;
10G37 Classroom;3;
T581 Storeroom;2;
T301 Privacy;2;
T101 Passage;2;
T511 Entry;2;
T561 Classroom;2;
B581 Storeroom;2;
B301 Privacy;2;
B101 Passage ;2;
B511 Entry;2;
B561 Classroom;2;
CL780 Storeroom;3;
CL701 Single Dummy Trim;3;
CL740 Privacy;3;
CL710 Passage;3;
CL753 Entry;3;
CL770 Classroom;3;
CL3957 Storeroom;2;
CL3920 Privacy;2;
CL3910 Passage;2;
CL3951 Entrance;2;
CL3955 Classroom;2;
CL3357 Storeroom;2;
CL3350 Half Dummy Trim;2;
CL3320 Privacy;2;
CL3310 Passage;2;
CL3351 Entrance;2;
CL3370 Full Dummy Trim;2;
CL3355 Classroom;2;
L0172 Double Dummy Trim;2;
L9080P Storeroom;2;
L9010 Passage;3;
L9050P Entry;3;
8237 Classroom;3;
8255 Entry ;4;
8204 Storeroom;5;
8265 Privacy;4;
8215 Passage;5;
8205 Entry;6;6 records with different parent
ML2055 Classroom;2;
ML2065 Dormatory;2;
ML2070 Double Dummy Trim;2;2 records with diferent parent
ML2051 Entry;2;2 records with diferent parent
ML2010 Passage;2;2 records with diferent parent
ML2030 Privacy;2;2 records with diferent parent
ML2057 Storeroom;2;2 records with diferent parent
Omega Lever;2;2 records with diferent parent
Coat Hooks;2;there are 3 records, 1 duplicate and 2 with diferent parent
